county,week_start,price,temperature_2m_mean,rain_sum,price_lag_1w,price_lag_2w,price_lag_4w,price_lag_8w,price_lag_12w,price_ma_4w,price_std_4w,price_ma_8w,price_std_8w,price_ma_12w,price_std_12w,month,is_long_rains,is_short_rains,is_harvest,is_producer,is_consumer,rain_sum_4w,temp_avg_4w,rain_sum_8w,temp_avg_8w,week_of_year,year,days_from_start
Kiambu,2021-05-24,29.95130434782609,17.271428571428572,18.0,,,,,,29.95130434782609,,29.95130434782609,,29.95130434782609,,5,0,0,0,0,1,18.0,17.271428571428572,18.0,17.271428571428572,21,2021,0
Kiambu,2021-06-07,30.56,16.285714285714285,6.3,29.95130434782609,,,,,30.25565217391304,0.4304128233309414,30.25565217391304,0.4304128233309414,30.25565217391304,0.4304128233309414,6,0,0,0,0,1,24.3,16.77857142857143,24.3,16.77857142857143,23,2021,14
Kiambu,2021-06-14,30.56,16.728571428571428,8.200000000000001,30.56,29.95130434782609,,,,30.357101449275362,0.351430598637163,30.357101449275362,0.351430598637163,30.357101449275362,0.351430598637163,6,0,0,0,0,1,32.5,16.761904761904763,32.5,16.761904761904763,24,2021,21
Kiambu,2021-07-19,31.11,16.47142857142857,1.3,30.56,30.56,,,,30.54532608695652,0.4733388856761416,30.54532608695652,0.4733388856761416,30.54532608695652,0.4733388856761416,7,0,0,0,0,1,33.8,16.689285714285713,33.8,16.689285714285713,29,2021,56
Kiambu,2021-07-26,31.11,15.342857142857143,4.0,31.11,30.56,29.95130434782609,,,30.834999999999997,0.31754264805429505,30.65826086956522,0.48146505702305653,30.65826086956522,0.48146505702305653,7,0,0,0,0,1,19.8,16.207142857142856,37.8,16.419999999999998,30,2021,63
Kiambu,2021-08-02,31.11,15.814285714285715,5.4,31.11,31.11,30.56,,,30.9725,0.27499999999999913,30.73355072463768,0.46846371745138127,30.73355072463768,0.46846371745138127,8,1,0,1,0,1,18.9,16.089285714285715,43.2,16.31904761904762,31,2021,70
Kiambu,2021-08-09,33.223333333333336,15.928571428571429,42.800000000000004,31.11,31.11,30.56,,,31.638333333333335,1.056666666666668,31.089233954451345,1.0336613558616463,31.089233954451345,1.0336613558616463,8,1,0,1,0,1,53.5,15.889285714285714,86.0,16.26326530612245,32,2021,77
Kiambu,2021-08-23,31.67,17.3,0.0,33.223333333333336,31.11,31.11,,,31.778333333333336,0.9988493379884683,31.16182971014493,0.9787647347049871,31.16182971014493,0.9787647347049871,8,1,0,1,0,1,52.20000000000001,16.096428571428575,86.0,16.392857142857142,34,2021,91
Kiambu,2021-08-30,32.223333333333336,17.285714285714285,8.200000000000001,31.67,33.223333333333336,31.11,29.95130434782609,,32.05666666666667,0.9008473377470376,31.445833333333333,0.9041188817743804,31.279774557165865,0.9815455861107434,8,1,0,1,0,1,56.40000000000001,16.582142857142856,76.2,16.394642857142856,35,2021,98
Kiambu,2021-09-06,30.186666666666667,16.857142857142858,11.4,32.223333333333336,31.67,31.11,30.56,,31.825833333333335,1.2678280494463599,31.399166666666666,0.9640238915566701,31.17046376811594,0.9878624665380805,9,1,0,1,0,1,62.400000000000006,16.84285714285714,81.30000000000001,16.46607142857143,36,2021,105
Kiambu,2021-09-13,31.67,17.985714285714288,6.5,30.186666666666667,32.223333333333336,33.223333333333336,30.56,,31.437500000000004,0.8737334749139366,31.537916666666668,0.9040015758870955,31.215876152832674,0.9491944790492072,9,1,0,1,0,1,26.1,17.357142857142858,79.60000000000001,16.623214285714287,37,2021,112
Kiambu,2021-09-20,48.333333333333336,17.8,7.2,31.67,30.186666666666667,31.67,31.11,,35.60333333333334,8.530117015392946,33.69083333333334,5.982630082030202,32.642330917874396,5.023578619020922,9,1,0,1,0,1,33.300000000000004,17.482142857142858,85.50000000000001,16.789285714285715,38,2021,119
Kiambu,2021-09-27,31.67,18.685714285714287,3.8000000000000003,48.333333333333336,31.67,32.223333333333336,31.11,29.95130434782609,35.465,8.607339030454485,33.76083333333333,5.951313247097599,32.785555555555554,4.964028856844257,9,1,0,1,0,1,28.9,17.83214285714286,85.30000000000001,17.20714285714286,39,2021,126
Kiambu,2021-10-04,31.67,19.02857142857143,2.4,31.67,48.333333333333336,30.186666666666667,31.11,30.56,35.83583333333333,8.331666666666665,33.83083333333334,5.91888469491897,32.878055555555555,4.929005976444431,10,0,1,0,0,1,19.9,18.375,82.30000000000001,17.60892857142857,40,2021,133
Kiambu,2021-10-11,34.44,18.857142857142858,12.3,31.67,31.67,31.67,33.223333333333336,30.56,36.528333333333336,7.97759292574451,33.98291666666667,5.916675771287428,33.20138888888889,4.890230098970336,10,0,1,0,0,1,25.700000000000003,18.592857142857145,51.800000000000004,17.975,41,2021,140
Kiambu,2021-11-01,33.33,19.157142857142855,4.2,34.44,31.67,48.333333333333336,31.67,31.11,32.777499999999996,1.356745493205443,34.190416666666664,5.85273601396871,33.38638888888889,4.845708391434096,11,0,1,0,0,1,22.700000000000003,18.932142857142857,56.0,18.207142857142856,44,2021,161
Kiambu,2022-01-10,37.22,18.47142857142857,6.4,33.33,34.44,31.67,32.223333333333336,31.11,34.165,2.3331595173355115,34.815,5.879379893875537,33.89555555555555,4.905408957165246,1,0,0,0,0,1,25.3,18.87857142857143,54.2,18.355357142857144,2,2022,231
Kiambu,2022-01-17,37.22,18.17142857142857,18.700000000000003,37.22,33.33,31.67,30.186666666666667,31.11,35.552499999999995,1.978069344925321,35.69416666666667,5.608015168219867,34.40472222222222,4.907091437957048,1,0,0,0,0,1,41.6,18.664285714285715,61.5,18.519642857142856,3,2022,238
Kiambu,2022-01-24,38.89,19.057142857142857,0.0,37.22,37.22,34.44,31.67,33.223333333333336,36.665,2.3585942140746976,36.596666666666664,5.446522117333514,34.87694444444445,5.053541704014002,1,0,0,0,0,1,29.300000000000004,18.71428571428571,55.0,18.65357142857143,4,2022,245
Kiambu,2022-01-31,38.89,19.342857142857145,10.4,38.89,37.22,33.33,48.333333333333336,31.67,38.055,0.964174949546674,35.41625,3.024074533756444,35.478611111111114,5.0668011262727335,1,0,0,0,0,1,35.5,18.760714285714286,58.2,18.84642857142857,5,2022,252
Kiambu,2022-05-16,47.78,17.842857142857145,6.5,38.89,38.89,37.22,31.67,32.223333333333336,40.695,4.7884896714239025,37.43,4.933871270542601,36.775,6.05247549321429,5,0,0,0,0,1,35.6,18.603571428571428,60.900000000000006,18.74107142857143,20,2022,357
Kiambu,2022-07-25,71.78,16.257142857142856,7.3,47.78,38.89,37.22,31.67,30.186666666666667,49.335,15.53911301629966,42.443749999999994,12.626757232729453,40.24111111111112,11.444466029203923,7,0,0,0,0,1,24.2,18.125,65.80000000000001,18.394642857142856,30,2022,427
Kiambu,2022-08-08,71.67,15.414285714285715,11.2,71.78,47.78,38.89,34.44,31.67,57.53,16.7880334365484,47.0975,15.733946694057037,43.574444444444445,14.211748044895195,8,1,0,1,0,1,35.4,17.214285714285715,64.7,17.964285714285715,32,2022,441
Kiambu,2022-08-15,71.67,16.742857142857144,7.8,71.67,71.78,38.89,33.33,48.333333333333336,65.725,11.963445713227184,51.89,16.747787913632045,45.51916666666667,16.356932063047505,8,1,0,1,0,1,32.8,16.564285714285717,68.3,17.6625,33,2022,448
Kiambu,2022-09-12,70.0,16.728571428571428,8.6,71.67,71.67,47.78,37.22,31.67,71.28,0.8549074023935491,55.987500000000004,16.655612310226577,48.71333333333334,17.130835745325832,9,1,0,1,0,1,34.9,16.285714285714285,70.5,17.44464285714286,37,2022,476
Kiambu,2022-10-03,67.22,18.17142857142857,9.2,70.0,71.67,71.78,37.22,31.67,70.14,2.099825389566305,59.7375,15.134237202921238,51.67583333333332,16.988834546325542,10,0,1,0,0,1,36.8,16.764285714285712,60.99999999999999,17.444642857142856,40,2022,497
Kiambu,2023-01-16,58.89,19.02857142857143,0.0,67.22,70.0,71.67,38.89,34.44,66.945,5.675012481630965,62.237500000000004,12.645812124403626,53.71333333333334,16.180737331965457,1,0,0,0,0,1,25.599999999999998,17.667857142857144,61.0,17.44107142857143,3,2023,602
Kiambu,2023-01-30,48.89,20.014285714285712,0.0,58.89,67.22,71.67,38.89,33.33,61.25,9.496360706432077,63.487500000000004,10.281508713635896,55.01,14.977519517900516,1,0,0,0,0,1,17.799999999999997,18.485714285714284,50.599999999999994,17.525,5,2023,616
Kiambu,2023-02-13,61.11,19.928571428571427,0.4,48.89,58.89,70.0,47.78,37.22,59.0275,7.621060184340086,65.15375,8.252114772243846,57.00083333333334,13.950405310718873,2,0,1,1,0,1,9.6,19.285714285714285,44.49999999999999,17.785714285714285,7,2023,630
Kiambu,2023-07-24,64.81333333333333,16.8,2.3,61.11,48.89,67.22,71.78,37.22,58.42583333333333,6.810591628730483,64.28291666666667,7.8086369433274205,59.30027777777778,12.60251181139018,7,0,0,0,0,1,2.6999999999999997,18.942857142857143,39.5,17.853571428571428,30,2023,791
Kiambu,2023-07-31,62.225,16.5,14.2,64.81333333333333,61.11,58.89,71.67,38.89,59.25958333333334,7.084963782938907,63.102291666666666,7.224350629218398,61.24486111111111,10.844579930446598,7,0,0,0,0,1,16.9,18.310714285714287,42.5,17.989285714285714,31,2023,798
Kiambu,2023-08-07,61.11,16.5,7.3999999999999995,62.225,64.81333333333333,48.89,71.67,38.89,62.31458333333333,1.746789316622694,61.782291666666666,6.346687483552995,63.09652777777779,8.272563587684871,8,1,0,1,0,1,24.299999999999997,17.432142857142857,42.1,17.958928571428572,32,2023,805
Kiambu,2023-10-02,46.67,18.52857142857143,22.4,61.11,62.225,61.11,70.0,47.78,58.70458333333333,8.171645803563031,58.86604166666667,7.317079928533985,63.00402777777777,8.463399854678281,10,0,1,0,0,1,46.3,17.082142857142856,55.89999999999999,18.18392857142857,40,2023,861
Kiambu,2024-01-15,47.78,18.87142857142857,31.299999999999997,46.67,61.11,64.81333333333333,67.22,71.78,54.44625,8.363082939323291,56.43604166666667,7.374183836329516,61.00402777777777,9.018535667447171,1,0,0,0,0,1,75.29999999999998,17.6,77.99999999999999,18.27142857142857,3,2024,966
Kiambu,2024-02-05,47.78,19.957142857142856,2.1,47.78,46.67,62.225,58.89,71.67,50.835,6.86995633173896,55.047291666666666,7.87515300619811,59.01319444444445,9.086577415087064,2,0,1,1,0,1,63.199999999999996,18.464285714285715,80.1,18.3875,6,2024,987
Kiambu,2024-02-12,44.44,20.657142857142855,0.7,47.78,47.78,61.11,48.89,71.67,46.667500000000004,1.5744919815610845,54.49104166666667,8.504228590451351,56.744027777777774,9.038396083754844,2,0,1,1,0,1,56.49999999999999,19.503571428571426,80.79999999999998,18.46785714285714,7,2024,994
Kiambu,2024-03-04,37.78,20.314285714285713,3.1999999999999997,44.44,47.78,46.67,61.11,70.0,44.445,4.7140463864214786,51.57479166666666,9.81009333796588,54.05902777777777,9.515640194558081,3,1,1,1,0,1,37.3,19.95,83.6,18.51607142857143,10,2024,1015
Kiambu,2024-03-18,39.44,20.771428571428572,2.8,37.78,44.44,47.78,64.81333333333333,67.22,42.36,4.590047203824088,48.403124999999996,8.985575320439144,51.744027777777774,9.401235773549402,3,1,1,1,0,1,8.8,20.425,84.09999999999998,19.0125,12,2024,1029
Kiambu,2024-06-10,33.33,17.428571428571427,3.7,39.44,37.78,47.78,62.225,58.89,38.747499999999995,4.588735301438352,44.791250000000005,8.425926718849855,49.61402777777778,10.469801920365216,6,0,0,0,0,1,10.4,19.792857142857144,73.6,19.128571428571426,24,2024,1113
Kiambu,2024-07-29,32.22,16.7,6.4,33.33,39.44,44.44,61.11,48.89,35.692499999999995,3.4660772736144314,41.18,6.373823700999885,48.2248611111111,11.61759970728695,7,0,0,0,0,1,16.1,18.803571428571427,72.6,19.153571428571425,31,2024,1162
Kiambu,2024-11-04,38.33,18.428571428571427,17.2,32.22,33.33,37.78,46.67,61.11,35.83,3.585349820217425,40.137499999999996,6.019816679695666,46.32652777777778,11.173394907852963,11,0,1,0,0,1,30.099999999999998,18.332142857142856,67.4,19.14107142857143,45,2024,1260
Kiambu,2024-11-11,41.11,17.514285714285712,45.0,38.33,32.22,39.44,47.78,64.81333333333333,36.247499999999995,4.191788599949488,39.30375,5.218705196556969,44.35125,9.591292482104386,11,0,1,0,0,1,72.3,17.51785714285714,81.1,18.97142857142857,46,2024,1267
Kiambu,2024-11-18,42.306666666666665,18.400000000000002,26.0,41.11,38.33,33.33,47.78,62.225,38.49166666666667,4.500734507956566,38.61958333333333,4.210025614482938,42.69138888888889,7.766884957048498,11,0,1,0,0,1,94.6,17.760714285714286,105.0,18.776785714285715,47,2024,1274
Kiambu,2024-11-25,40.81,18.214285714285715,42.3,42.306666666666665,41.11,32.22,44.44,61.11,40.63916666666667,1.6696980764996725,38.16583333333333,3.65168791152446,40.999722222222225,5.165647691958901,11,0,1,0,0,1,130.5,18.139285714285712,146.6,18.47142857142857,48,2024,1281
Kiambu,2024-12-02,41.23,19.071428571428573,4.8,40.81,42.306666666666665,38.33,37.78,46.67,41.36416666666666,0.6526888828361138,38.59708333333334,3.800304681812032,40.54638888888889,4.851971682600119,12,0,0,0,0,1,118.1,18.3,148.2,18.31607142857143,49,2024,1288
Kiambu,2024-12-09,40.55,19.82857142857143,6.0,41.23,40.81,41.11,39.44,47.78,41.22416666666667,0.7741393070156933,38.73583333333333,3.8553408636075814,39.943888888888885,4.28821566653227,12,0,0,0,0,1,79.1,18.87857142857143,151.4,18.198214285714286,50,2024,1295
Kiambu,2025-01-06,41.11,19.75714285714286,1.5,40.55,41.23,42.306666666666665,33.33,47.78,40.925,0.3061045573003731,39.70833333333333,3.226965747650142,39.38805555555556,3.548680921055098,1,0,0,0,0,1,54.599999999999994,19.21785714285714,149.2,18.489285714285714,2,2025,1323
Kiambu,2025-01-13,42.5,19.62857142857143,0.5,41.11,40.55,40.81,32.22,44.44,41.3475,0.8235036935760585,40.99333333333333,1.2762457344110927,39.22638888888889,3.3353876876511976,1,0,0,0,0,1,12.8,19.571428571428573,143.3,18.855357142857144,3,2025,1330
Kiambu,2025-01-20,42.55,20.414285714285715,7.6,42.5,41.11,41.23,38.33,37.78,41.6775,1.0051658237989516,41.520833333333336,0.8022681141510427,39.623888888888885,3.4302292037955104,1,0,0,0,0,1,15.599999999999998,19.90714285714286,133.7,19.10357142857143,4,2025,1337
Kiambu,2025-01-27,42.30166666666667,18.514285714285712,21.8,42.55,42.5,40.55,41.11,39.44,42.11541666666666,0.6788025608870224,41.66979166666667,0.8253870845155392,39.862361111111106,3.5147151312308234,1,0,0,0,0,1,31.4,19.57857142857143,110.49999999999999,19.22857142857143,5,2025,1344
Kiambu,2025-02-03,42.55,19.985714285714288,0.2,42.30166666666667,42.55,41.11,42.306666666666665,33.33,42.47541666666667,0.1182070922863647,41.700208333333336,0.8561210220315977,40.630694444444444,2.913184367796457,2,0,1,1,0,1,30.099999999999998,19.635714285714286,84.7,19.426785714285717,6,2025,1351
Kiambu,2025-02-10,41.974,20.585714285714285,4.9,42.55,42.30166666666667,42.5,40.81,32.22,42.343916666666665,0.272986009002724,41.845708333333334,0.7786188716063682,41.443527777777774,1.224350930565956,2,0,1,1,0,1,34.5,19.875,47.3,19.72321428571429,7,2025,1358
Kiambu,2025-08-04,44.22,16.02857142857143,27.999999999999996,41.974,42.55,42.55,41.23,38.33,42.76141666666666,1.000592727115137,42.21945833333333,1.0944263400924934,41.93436111111111,1.0274912809804657,8,1,0,1,0,1,54.9,18.77857142857143,70.5,19.34285714285714,32,2025,1533
Kiambu,2025-08-11,42.22285714285714,16.685714285714287,17.7,44.22,41.974,42.30166666666667,40.55,41.11,42.74171428571428,1.013357616966537,42.42856547619048,0.8658189471606658,42.0270992063492,0.9960638955645684,8,1,0,1,0,1,50.8,18.321428571428573,82.2,18.95,33,2025,1540
Kiambu,2025-08-18,41.11,16.185714285714287,28.7,42.22285714285714,44.22,42.55,41.11,42.306666666666665,42.38171428571428,1.3150434875508064,42.42856547619048,0.8658189471606658,41.92737698412699,1.0250124103319014,8,1,0,1,0,1,79.3,17.371428571428574,109.4,18.503571428571426,34,2025,1547
Kiambu,2025-08-25,42.22,17.314285714285713,1.7000000000000002,41.11,42.22285714285714,41.974,42.5,40.81,42.443214285714284,1.2952232360842855,42.393565476190474,0.8681749174893505,42.04487698412698,0.9642979905063559,8,1,0,1,0,1,76.1,16.553571428571427,110.6,18.21428571428571,35,2025,1554
Kiambu,2025-09-01,42.22,17.642857142857142,0.30000000000000004,42.22,41.11,44.22,42.55,41.23,41.943214285714284,0.5554778233602127,42.352315476190476,0.8675198248693299,42.12737698412698,0.9299826650813143,9,1,0,1,0,1,48.4,16.957142857142856,103.3,17.86785714285714,36,2025,1561
Kiambu,2025-09-08,42.22,18.314285714285713,1.7,42.22,42.22,42.22285714285714,42.30166666666667,40.55,41.942499999999995,0.555000000000092,42.34210714285714,0.8686806850922977,42.26654365079365,0.7863377640308741,9,1,0,1,0,1,32.4,17.364285714285714,83.19999999999999,17.84285714285714,37,2025,1568
Kiambu,2025-09-15,43.33,18.542857142857144,7.199999999999999,42.22,42.22,41.11,42.55,41.11,42.4975,0.5550000000001145,42.439607142857135,0.9364755954191708,42.451543650793646,0.7498026443991886,9,1,0,1,0,1,10.899999999999999,17.95357142857143,90.19999999999999,17.662499999999998,38,2025,1575
Kiambu,2025-09-22,43.33,18.571428571428573,3.7,43.33,42.22,42.22,41.974,42.5,42.775,0.6408587988005946,42.60910714285714,0.9625170287385109,42.52071031746031,0.7917858564592194,9,1,0,1,0,1,12.9,18.267857142857142,89.0,17.410714285714285,39,2025,1582
Kiambu,2025-09-29,41.11,18.599999999999998,5.0,43.33,43.33,42.22,44.22,42.55,42.4975,1.0627440896095952,42.22035714285714,0.8390817381308362,42.400710317460316,0.8899754328408604,9,1,0,1,0,1,17.6,18.507142857142856,66.0,17.732142857142858,40,2025,1589
Kiambu,2025-10-06,41.11,18.157142857142855,15.4,41.11,43.33,42.22,42.22285714285714,42.30166666666667,42.22,1.2817175976010142,42.08125,0.9263204860395235,42.30140476190476,0.9653262915214709,10,0,1,0,0,1,31.3,18.46785714285714,63.699999999999996,17.916071428571428,41,2025,1596
Kirinyaga,2021-05-24,30.666500000000003,20.485714285714288,10.4,,,,,,30.666500000000003,,30.666500000000003,,30.666500000000003,,5,0,0,0,0,1,10.4,20.485714285714288,10.4,20.485714285714288,21,2021,0
Kirinyaga,2021-05-31,30.0,20.62857142857143,0.7,30.666500000000003,,,,,30.33325,0.4712866696608346,30.33325,0.4712866696608346,30.33325,0.4712866696608346,5,0,0,0,0,1,11.1,20.557142857142857,11.1,20.557142857142857,22,2021,7
Kirinyaga,2021-06-28,30.0,20.642857142857142,2.4,30.0,30.666500000000003,,,,30.222166666666666,0.3848039544148859,30.222166666666666,0.3848039544148859,30.222166666666666,0.3848039544148859,6,0,0,0,0,1,13.5,20.585714285714285,13.5,20.585714285714285,26,2021,35
Kirinyaga,2021-07-05,28.333333333333332,19.842857142857145,5.1,30.0,30.0,,,,29.749958333333332,0.9953084425610655,29.749958333333332,0.9953084425610655,29.749958333333332,0.9953084425610655,7,0,0,0,0,1,18.6,20.400000000000002,18.6,20.400000000000002,27,2021,42
Kirinyaga,2021-07-12,30.0,21.085714285714285,3.2,28.333333333333332,30.0,30.666500000000003,,,29.583333333333336,0.8333333333333321,29.799966666666666,0.8691854456264724,29.799966666666666,0.8691854456264724,7,0,0,0,0,1,11.399999999999999,20.55,21.8,20.537142857142857,28,2021,49
Kirinyaga,2021-07-19,30.0,20.97142857142857,5.199999999999999,30.0,28.333333333333332,30.0,,,29.583333333333336,0.8333333333333321,29.833305555555555,0.7817004286714865,29.833305555555555,0.7817004286714865,7,0,0,0,0,1,15.899999999999999,20.635714285714286,27.0,20.60952380952381,29,2021,56
Kirinyaga,2021-07-26,27.5,20.25714285714286,0.6,30.0,30.0,30.0,,,28.958333333333336,1.2499999999999982,29.49997619047619,1.1344479830254341,29.49997619047619,1.1344479830254341,7,0,0,0,0,1,14.1,20.539285714285715,27.599999999999998,20.559183673469388,30,2021,63
Kirinyaga,2021-08-02,27.22,20.942857142857143,0.7000000000000001,27.5,30.0,28.333333333333332,,,28.68,1.528485088794347,29.214979166666666,1.3239733681848356,29.214979166666666,1.3239733681848356,8,1,0,1,0,1,9.7,20.814285714285717,28.3,20.607142857142858,31,2021,70
Kirinyaga,2021-08-09,31.0,21.357142857142858,8.4,27.22,27.5,30.0,30.666500000000003,,28.93,1.861791252172666,29.256666666666664,1.3802599249117753,29.413314814814814,1.3739816442158082,8,1,0,1,0,1,14.899999999999999,20.88214285714286,26.299999999999997,20.71607142857143,32,2021,77
Kirinyaga,2021-08-16,28.22,22.0,4.2,31.0,27.22,30.0,30.0,,28.485,1.728766419541209,29.034166666666664,1.386769398667047,29.293983333333337,1.3492468965919333,8,1,0,1,0,1,13.900000000000002,21.139285714285712,29.799999999999997,20.8875,33,2021,84
Kirinyaga,2021-08-23,27.22,22.357142857142858,0.3,28.22,31.0,27.5,30.0,,28.415,1.7866449003649265,28.686666666666664,1.456719515223072,29.105439393939392,1.4245902769114733,8,1,0,1,0,1,13.600000000000001,21.664285714285715,27.7,21.101785714285715,34,2021,91
Kirinyaga,2021-08-30,26.887999999999998,22.385714285714283,1.7,27.22,28.22,27.22,28.333333333333332,,28.331999999999997,1.8665876173738358,28.506,1.590303475081765,28.920652777777775,1.5015706599288832,8,1,0,1,0,1,14.600000000000001,22.025,24.3,21.419642857142858,35,2021,98
Kirinyaga,2021-09-06,26.222,21.82857142857143,5.5,26.887999999999998,27.22,31.0,30.0,30.666500000000003,27.137500000000003,0.8324668161554564,28.03375,1.643337870659241,28.55027777777778,1.577986966143848,9,1,0,1,0,1,11.7,22.14285714285714,26.599999999999998,21.512500000000003,36,2021,105
Kirinyaga,2021-09-13,26.0,23.042857142857144,3.6,26.222,26.887999999999998,28.22,30.0,30.0,26.582500000000003,0.5683317693038177,27.53375,1.5663385649341555,28.216944444444447,1.664041094537561,9,1,0,1,0,1,11.1,22.403571428571425,25.0,21.771428571428572,37,2021,112
Kirinyaga,2021-09-20,27.153750000000002,22.914285714285715,3.7,26.0,26.222,27.22,27.5,30.0,26.565937500000004,0.5440055290390066,27.49046875,1.572177303009493,27.979756944444446,1.5878905617783499,9,1,0,1,0,1,14.5,22.542857142857144,28.1,22.10357142857143,38,2021,119
Kirinyaga,2021-09-27,28.112000000000002,23.599999999999998,2.8,27.153750000000002,26.0,26.887999999999998,27.22,28.333333333333332,26.8719375,0.9660688462138748,27.60196875,1.5818560551583263,27.961312500000002,1.5846924103785451,9,1,0,1,0,1,15.6,22.84642857142857,30.2,22.435714285714287,39,2021,126
Kirinyaga,2021-10-04,27.36,24.085714285714285,1.0,28.112000000000002,27.153750000000002,26.222,31.0,30.0,27.1564375,0.8740503984086603,27.14696875,0.7902632974148925,27.741312499999996,1.4537812887471637,10,0,1,0,0,1,11.1,23.410714285714285,22.8,22.776785714285715,40,2021,133
Kirinyaga,2021-10-11,26.853333333333335,24.114285714285717,3.7,27.36,28.112000000000002,26.0,28.22,30.0,27.369770833333337,0.5367719245250586,26.97613541666667,0.6625670884532187,27.479090277777775,1.2831067497033368,10,0,1,0,0,1,11.200000000000001,23.678571428571427,22.3,23.041071428571428,41,2021,140
Kirinyaga,2021-10-18,28.112000000000002,22.928571428571427,31.400000000000002,26.853333333333335,27.36,27.153750000000002,27.22,27.5,27.609333333333332,0.6161846765017441,27.087635416666668,0.7749863080427661,27.530090277777777,1.2961101854983021,10,0,1,0,0,1,38.900000000000006,23.682142857142857,53.400000000000006,23.1125,42,2021,147
Kirinyaga,2021-10-25,28.518333333333334,22.728571428571428,40.4,28.112000000000002,26.853333333333335,28.112000000000002,26.887999999999998,27.22,27.71091666666667,0.746409448503178,27.291427083333335,0.9164387849185371,27.638284722222224,1.3218070841656215,10,0,1,0,0,1,76.5,23.464285714285715,92.1,23.155357142857145,43,2021,154
Kirinyaga,2021-11-01,30.0,23.542857142857144,3.5,28.518333333333334,28.112000000000002,27.36,26.222,31.0,28.370916666666666,1.2968861675110446,27.763677083333334,1.2122913831639006,27.55495138888889,1.1042129964313032,11,0,1,0,0,1,79.0,23.32857142857143,90.1,23.369642857142857,44,2021,161
Kirinyaga,2021-11-08,28.0575,23.285714285714285,8.8,30.0,28.518333333333334,26.853333333333335,26.0,28.22,28.671958333333333,0.9089201812223886,28.020864583333335,0.9808279705496232,27.541409722222223,1.0962835850321893,11,0,1,0,0,1,84.1,23.12142857142857,95.3,23.4,45,2021,168
Kirinyaga,2021-11-15,29.075,23.099999999999998,8.2,28.0575,30.0,28.112000000000002,27.153750000000002,27.22,28.912708333333335,0.8357540881343875,28.261020833333333,0.9733651594499086,27.695993055555558,1.1748136229030133,11,0,1,0,0,1,60.89999999999999,23.16428571428571,99.8,23.423214285714284,46,2021,175
Kirinyaga,2021-11-22,30.09166666666667,23.014285714285712,41.7,29.075,28.0575,28.518333333333334,28.112000000000002,26.887999999999998,29.306041666666665,0.9506175806928012,28.508479166666667,1.163200638623638,27.962965277777784,1.3284703027451064,11,0,1,0,0,1,62.2,23.235714285714284,138.7,23.349999999999998,47,2021,182
Kirinyaga,2021-11-29,31.296666666666667,20.228571428571428,37.699999999999996,30.09166666666667,29.075,30.0,27.36,26.222,29.630208333333332,1.3870466184520522,29.0005625,1.4136612628811147,28.385854166666665,1.5180655004953483,11,0,1,0,0,1,96.4,22.407142857142855,175.4,22.86785714285714,48,2021,189
Kirinyaga,2021-12-06,31.803999999999995,21.114285714285717,12.4,31.296666666666667,30.09166666666667,28.0575,26.853333333333335,26.0,30.566833333333335,1.2267284555694125,29.619395833333332,1.4229796871284381,28.869520833333336,1.6105891356252806,12,0,0,0,0,1,100.0,21.864285714285714,184.1,22.492857142857144,49,2021,196
Kirinyaga,2021-12-13,30.37,20.985714285714288,30.9,31.803999999999995,31.296666666666667,29.075,28.112000000000002,27.153750000000002,30.890583333333332,0.797602350334596,29.901645833333333,1.2998869317053088,29.137541666666667,1.5661045237847924,12,0,0,0,0,1,122.69999999999999,21.33571428571429,183.6,22.25,50,2021,203
Kirinyaga,2021-12-20,33.332,21.24285714285714,31.1,30.37,31.803999999999995,30.09166666666667,28.518333333333334,28.112000000000002,31.700666666666667,1.2390609347405073,30.503354166666668,1.6381738585308314,29.572541666666666,1.936504868749862,12,0,0,0,0,1,112.1,20.892857142857142,174.3,22.064285714285713,51,2021,210
Kirinyaga,2021-12-27,33.332499999999996,21.314285714285713,5.3999999999999995,33.332,30.37,31.296666666666667,30.0,27.36,32.209625,1.422360208421208,30.919916666666666,1.89540049794734,30.07025,2.0784597705216155,12,0,0,0,0,1,79.80000000000001,21.164285714285715,176.2,21.785714285714285,52,2021,217
Kirinyaga,2022-01-03,32.406666666666666,21.928571428571427,4.800000000000001,33.332499999999996,33.332,31.803999999999995,28.0575,26.853333333333335,32.36029166666667,1.3967602618798576,31.4635625,1.5492113839635815,30.53302777777778,1.9083614088623309,1,0,0,0,0,1,72.2,21.367857142857144,172.2,21.616071428571427,1,2022,224
Kirinyaga,2022-01-10,31.665,22.457142857142856,0.7,32.406666666666666,33.332499999999996,30.37,29.075,28.112000000000002,32.684041666666666,0.8074096483680431,31.7873125,1.212861147123756,30.829111111111107,1.769136344582834,1,0,0,0,0,1,42.0,21.735714285714284,164.7,21.535714285714285,2,2022,231
Kirinyaga,2022-01-17,34.81333333333333,22.542857142857144,12.6,31.665,32.406666666666666,33.332,30.09166666666667,28.518333333333334,33.054375,1.3566105938111994,32.377520833333335,1.4036709735136976,31.353694444444443,1.946100019792675,1,0,0,0,0,1,23.5,22.060714285714287,135.6,21.476785714285715,3,2022,238
Kirinyaga,2022-01-24,32.96333333333333,23.0,1.1,34.81333333333333,31.665,33.332499999999996,31.296666666666667,30.0,32.96208333333333,1.3438800755303433,32.585854166666664,1.3426920584369497,31.60063888888889,1.946722844292838,1,0,0,0,0,1,19.200000000000003,22.482142857142858,99.0,21.823214285714286,4,2022,245
Kirinyaga,2022-01-31,32.444,23.97142857142857,4.5,32.96333333333333,34.81333333333333,32.406666666666666,31.803999999999995,28.0575,32.97141666666667,1.338857123874008,32.66585416666667,1.3080727597278499,31.966180555555553,1.6022996092080812,1,0,0,0,0,1,18.9,22.99285714285714,91.1,22.18035714285714,5,2022,252
Kirinyaga,2022-02-07,33.055,23.614285714285717,0.6000000000000001,32.444,32.96333333333333,31.665,30.37,29.075,33.31891666666667,1.0319644472414795,33.00147916666667,0.9224745767456316,32.297847222222224,1.3398634210856433,2,0,1,1,0,1,18.8,23.28214285714286,60.800000000000004,22.50892857142857,6,2022,259
Kirinyaga,2022-02-14,28.8325,24.914285714285715,0.0,33.055,32.444,34.81333333333333,33.332,30.09166666666667,31.823708333333336,2.0122055357382203,32.43904166666667,1.7195170066361898,32.19291666666666,1.5596283802058293,2,0,1,1,0,1,6.199999999999999,23.875,29.7,22.96785714285714,7,2022,266
Kirinyaga,2022-02-21,32.78,24.2,7.0,28.8325,33.055,32.96333333333333,33.332499999999996,31.296666666666667,31.777875,1.9794156703010406,32.36997916666667,1.6893362565218268,32.31652777777778,1.540805392232917,2,0,1,1,0,1,12.1,24.175,31.3,23.32857142857143,8,2022,273
Kirinyaga,2022-02-28,31.48,24.542857142857144,0.2,32.78,28.8325,32.444,32.406666666666666,31.803999999999995,31.536875000000002,1.929329951693067,32.25414583333333,1.7179878998721485,32.28952777777778,1.553390421686891,2,0,1,1,0,1,7.8,24.317857142857143,26.7,23.655357142857145,9,2022,280
Kirinyaga,2022-03-07,33.33,25.17142857142857,0.0,31.48,32.78,33.055,31.665,30.37,31.605625,2.004879854047778,32.462270833333335,1.7371659275444595,32.53619444444444,1.452618389676712,3,1,1,1,0,1,7.199999999999999,24.707142857142856,26.0,23.994642857142857,10,2022,287
Kirinyaga,2022-03-14,33.769999999999996,25.714285714285715,0.0,33.33,31.48,28.8325,34.81333333333333,33.332,32.84,0.9930088955627252,32.331854166666666,1.566196979840872,32.572694444444444,1.4796831575148184,3,1,1,1,0,1,7.199999999999999,24.90714285714286,13.399999999999999,24.39107142857143,11,2022,294
Kirinyaga,2022-03-21,33.775999999999996,24.914285714285715,8.4,33.769999999999996,33.33,32.78,32.96333333333333,33.332499999999996,33.089,1.0928086139241033,32.4334375,1.637727027609991,32.609652777777775,1.5056962590566079,3,1,1,1,0,1,8.6,25.085714285714285,20.7,24.630357142857143,12,2022,301
Kirinyaga,2022-03-28,28.7475,23.071428571428573,20.6,33.775999999999996,33.769999999999996,31.48,32.444,32.406666666666666,32.405874999999995,2.447842191774899,31.971375,2.0926080233253623,32.304722222222225,1.8756226229990265,3,1,1,1,0,1,29.0,24.71785714285714,36.8,24.517857142857142,13,2022,308
Kirinyaga,2022-04-04,33.332499999999996,23.571428571428573,11.1,28.7475,33.775999999999996,33.33,33.055,31.665,32.406499999999994,2.448157095994184,32.0060625,2.1153132398485424,32.44368055555555,1.8856619787953608,4,1,0,0,0,1,40.1,24.317857142857143,47.3,24.512500000000003,14,2022,315
Kirinyaga,2022-04-11,37.221666666666664,23.342857142857145,49.5,33.332499999999996,28.7475,33.769999999999996,28.8325,34.81333333333333,33.269416666666665,3.479876270948605,33.05470833333333,2.38014447132208,32.644375000000004,2.2531491083973427,4,1,0,0,0,1,89.6,23.725,96.8,24.31607142857143,15,2022,322
Kirinyaga,2022-04-18,38.516666666666666,22.214285714285715,68.3,37.221666666666664,33.332499999999996,33.775999999999996,32.78,32.96333333333333,34.45458333333333,4.396481258199998,33.771791666666665,3.0542586203918782,33.10715277777778,2.8228870729374327,4,1,0,0,0,1,149.5,23.05,158.1,24.067857142857143,16,2022,329
Kirinyaga,2022-04-25,40.36666666666667,21.54285714285714,75.6,38.516666666666666,37.221666666666664,28.7475,31.48,32.444,37.359375,2.9786917162200712,34.882625,3.65802311381305,33.767375,3.4991642560089042,4,1,0,0,0,1,204.5,22.667857142857144,233.5,23.692857142857143,17,2022,336
Kirinyaga,2022-05-02,37.03333333333333,21.342857142857145,47.2,40.36666666666667,38.516666666666666,33.332499999999996,33.33,33.055,38.28458333333333,1.5367012378614076,35.34554166666666,3.66778444082598,34.098902777777774,3.6121730186213785,5,0,0,0,0,1,240.60000000000002,22.110714285714284,280.7,23.214285714285715,18,2022,343
Kirinyaga,2022-05-09,39.25666666666667,22.142857142857142,1.8,37.03333333333333,40.36666666666667,37.221666666666664,33.769999999999996,28.8325,38.79333333333334,1.3981177823537234,36.031375,3.8400172481734938,34.96758333333333,3.481613945304891,5,0,0,0,0,1,192.9,21.810714285714283,282.5,22.767857142857146,19,2022,350
Kirinyaga,2022-05-16,38.8875,21.571428571428573,3.1,39.25666666666667,37.03333333333333,38.516666666666666,33.775999999999996,32.78,38.88604166666667,1.385898454239461,36.6703125,3.8363846793868634,35.47654166666667,3.5778326999615606,5,0,0,0,0,1,127.7,21.650000000000002,277.2,22.35,20,2022,357
Kirinyaga,2022-05-23,45.28,22.385714285714283,3.0,38.8875,39.25666666666667,40.36666666666667,28.7475,31.48,40.114374999999995,3.5785185595465263,38.736875,3.385161913491846,36.62654166666666,4.3177772598036945,5,0,0,0,0,1,55.1,21.860714285714288,259.6,22.264285714285712,21,2022,364
Kirinyaga,2022-05-30,48.335,20.97142857142857,9.4,45.28,38.8875,37.03333333333333,33.332499999999996,33.33,42.939791666666665,4.639372282282559,40.612187500000005,4.053175243076911,37.876958333333334,5.33030369779551,5,0,0,0,0,1,17.3,21.767857142857142,257.9,21.939285714285717,22,2022,371
Kirinyaga,2022-06-06,51.947500000000005,21.428571428571427,1.2999999999999998,48.335,45.28,39.25666666666667,37.221666666666664,33.769999999999996,46.112500000000004,5.534148910778188,42.45291666666667,5.410109767686152,39.39175,6.509513479508219,6,0,0,0,0,1,16.8,21.58928571428571,209.7,21.7,23,2022,378
Kirinyaga,2022-06-13,62.89,20.900000000000002,1.2000000000000002,51.947500000000005,48.335,38.8875,38.516666666666666,33.775999999999996,52.113125,7.684059087650294,45.499583333333334,8.724414861899923,41.81791666666667,9.1259226771651,6,0,0,0,0,1,14.9,21.42142857142857,142.6,21.535714285714285,24,2022,385
Kirinyaga,2022-06-20,72.2225,20.67142857142857,0.7,62.89,51.947500000000005,45.28,40.36666666666667,28.7475,58.84875,10.852881049902587,49.481562499999995,12.499863312248719,45.44083333333333,11.724890794434483,6,0,0,0,0,1,12.6,20.992857142857144,67.7,21.426785714285714,25,2022,392
Kirinyaga,2022-06-27,72.666,20.314285714285713,1.5,72.2225,62.89,48.335,37.03333333333333,33.332499999999996,64.9315,9.759322884640527,53.93564583333334,13.719511371232501,48.718625,13.409205287791169,6,0,0,0,0,1,4.7,20.82857142857143,22.0,21.298214285714288,26,2022,399
Kirinyaga,2022-07-04,80.0,19.942857142857143,3.2,72.666,72.2225,51.947500000000005,39.25666666666667,37.221666666666664,71.944625,7.011250404112571,59.02856250000001,14.995002373261174,52.28348611111111,15.584725053792745,7,0,0,0,0,1,6.6000000000000005,20.457142857142856,23.4,21.023214285714282,27,2022,406
Kirinyaga,2022-07-11,76.85166666666667,20.357142857142858,6.1000000000000005,80.0,72.666,62.89,38.8875,38.516666666666666,75.43504166666666,3.689339899742993,63.77408333333333,13.658025233167589,55.47806944444445,16.413204305006108,7,0,0,0,0,1,11.5,20.32142857142857,26.4,20.87142857142857,28,2022,413
Kirinyaga,2022-07-18,78.4725,20.228571428571428,1.7,76.85166666666667,80.0,72.2225,45.28,40.36666666666667,76.99754166666666,3.1608960150656613,67.92314583333334,12.201206907657687,58.653555555555556,16.902691634218563,7,0,0,0,0,1,12.500000000000002,20.210714285714285,25.099999999999998,20.601785714285715,29,2022,420
Kirinyaga,2022-07-25,76.945,20.942857142857143,2.4,78.4725,76.85166666666667,72.666,48.335,37.03333333333333,78.06729166666666,1.4873733022614997,71.49939583333332,9.542895883782439,61.979527777777776,16.172672420830214,7,0,0,0,0,1,13.400000000000002,20.367857142857144,18.1,20.598214285714285,30,2022,427
Kirinyaga,2022-08-01,74.02875,19.599999999999998,2.8,76.945,78.4725,80.0,51.947500000000005,39.25666666666667,76.57447916666666,1.8526862184300643,74.25955208333333,5.353788172454387,64.87720138888889,14.786990155211678,8,1,0,1,0,1,13.0,20.28214285714286,19.6,20.369642857142857,31,2022,434
Kirinyaga,2022-08-08,71.48333333333333,20.071428571428573,7.4,74.02875,76.945,76.85166666666667,62.89,38.8875,75.23239583333333,3.1056679884553224,75.33371875,3.1589179503338,67.59352083333333,12.376082363855154,8,1,0,1,0,1,14.3,20.210714285714285,25.8,20.26607142857143,32,2022,441
Kirinyaga,2022-08-15,68.89,21.12857142857143,1.5,71.48333333333333,74.02875,78.4725,72.2225,45.28,72.83677083333333,3.449983299325814,74.91715625,3.785403790616332,69.56102083333333,10.189908254989762,8,1,0,1,0,1,14.100000000000001,20.435714285714283,26.6,20.323214285714286,33,2022,448
Kirinyaga,2022-08-22,64.28571428571429,20.728571428571428,2.7,68.89,71.48333333333333,76.945,72.666,48.335,69.6719494047619,4.158757698825802,73.86962053571429,5.338354189963626,70.89024702380952,7.96731575800368,8,1,0,1,0,1,14.4,20.38214285714286,27.8,20.375,34,2022,455
Kirinyaga,2022-08-29,65.625,21.414285714285715,0.30000000000000004,64.28571428571429,68.89,74.02875,80.0,51.947500000000005,67.57101190476192,3.2468513637593994,72.07274553571429,5.399051708789774,72.03003869047619,5.6533576922193225,8,1,0,1,0,1,11.900000000000002,20.835714285714285,24.900000000000002,20.558928571428574,35,2022,462
Kirinyaga,2022-09-05,65.224,21.157142857142855,21.499999999999996,65.625,64.28571428571429,71.48333333333333,76.85166666666667,62.89,66.00617857142858,2.002791702534983,70.61928720238096,5.493050345696747,72.2245386904762,5.341883201735189,9,1,0,1,0,1,25.999999999999996,21.107142857142858,40.3,20.65892857142857,36,2022,469
Kirinyaga,2022-09-12,68.31833333333333,22.057142857142857,0.5,65.224,65.625,68.89,78.4725,72.2225,65.86326190476191,1.7302655603399464,69.35001636904762,4.503145957129871,71.89919146825397,5.45961290591364,9,1,0,1,0,1,24.999999999999996,21.339285714285715,39.099999999999994,20.887500000000003,37,2022,476
Kirinyaga,2022-09-19,63.89,23.12857142857143,4.1,68.31833333333333,65.224,64.28571428571429,76.945,72.666,65.76433333333333,1.8571856246605778,67.71814136904761,3.640489347980935,71.16785813492064,5.916249389482454,9,1,0,1,0,1,26.4,21.939285714285713,40.8,21.160714285714285,38,2022,483
Kirinyaga,2022-09-26,65.18666666666667,22.900000000000002,3.2,63.89,68.31833333333333,65.625,74.02875,80.0,65.65475,1.8809276351098592,66.61288095238095,2.661468902045337,69.93341369047619,5.431421709427598,9,1,0,1,0,1,29.299999999999997,22.310714285714287,41.199999999999996,21.573214285714286,39,2022,490
Kirinyaga,2022-10-03,68.668,23.071428571428573,7.9,65.18666666666667,63.89,65.224,71.48333333333333,76.85166666666667,66.51575,2.3482271543698716,66.26096428571428,2.0387447888492733,69.25144146825396,4.978698021342699,10,0,1,0,0,1,15.7,22.789285714285715,41.7,21.948214285714286,40,2022,497
Kirinyaga,2022-10-10,71.94500000000001,23.3,0.1,68.668,65.18666666666667,68.31833333333333,68.89,78.4725,67.42241666666668,3.627753364304663,66.64283928571429,2.760050912773335,68.70748313492064,4.17065967054004,10,0,1,0,0,1,15.3,23.1,40.3,22.21964285714286,41,2022,504
Kirinyaga,2022-10-17,73.0957142857143,23.0,9.2,71.94500000000001,68.668,63.89,64.28571428571429,76.945,69.72384523809524,3.5592053376405843,67.7440892857143,3.3744144949840016,68.38670932539684,3.5866363255584868,10,0,1,0,0,1,20.4,23.067857142857143,46.8,22.503571428571426,42,2022,511
Kirinyaga,2022-10-24,73.71125,24.085714285714285,9.2,73.0957142857143,71.94500000000001,65.18666666666667,65.625,74.02875,71.85499107142857,2.247228292880068,68.75487053571429,3.829392902167216,68.36025099206348,3.5421266256145945,10,0,1,0,0,1,26.4,23.364285714285714,55.69999999999999,22.8375,43,2022,518
Kirinyaga,2022-10-31,69.678,20.82857142857143,88.8,73.71125,73.0957142857143,68.668,65.224,71.48333333333333,72.10749107142857,1.777400539803035,69.3116205357143,3.556786405933592,68.20980654761905,3.43411346397452,10,0,1,0,0,1,107.3,22.80357142857143,123.0,22.796428571428574,44,2022,525
Kirinyaga,2022-11-07,72.22142857142858,21.157142857142855,22.2,69.678,73.71125,71.94500000000001,68.31833333333333,68.89,72.17659821428572,1.7743480730973753,69.79950744047619,3.6670580081435205,68.4874255952381,3.6235350421678603,11,0,1,0,0,1,129.4,22.26785714285714,144.7,22.683928571428574,45,2022,532
Kirinyaga,2022-11-14,68.22200000000001,20.614285714285717,35.1,72.22142857142858,69.678,73.0957142857143,63.89,64.28571428571429,70.95816964285714,2.4698672840520874,70.3410074404762,2.911839737086728,68.8154494047619,3.3784739104924015,11,0,1,0,0,1,155.3,21.67142857142857,175.7,22.36964285714286,46,2022,539
Kirinyaga,2022-11-21,69.444,20.428571428571427,31.2,68.22200000000001,72.22142857142858,73.71125,65.18666666666667,65.625,69.89135714285715,1.6794479069356516,70.87317410714286,2.115367486755866,69.1336994047619,3.22709632077401,11,0,1,0,0,1,177.3,20.75714285714286,203.69999999999996,22.060714285714287,47,2022,546
Kirinyaga,2022-11-28,70.55499999999999,20.7,20.9,69.444,68.22200000000001,69.678,68.668,65.224,70.11060714285715,1.699436586809503,71.10904910714285,1.9315723803164613,69.57794940476191,2.998813500150189,11,0,1,0,0,1,109.39999999999999,20.724999999999998,216.7,21.764285714285712,48,2022,553
Kirinyaga,2022-12-05,65.332,21.185714285714287,20.4,70.55499999999999,69.444,72.22142857142858,71.94500000000001,68.31833333333333,68.38825,2.2492751980734407,70.28242410714286,2.760067659338412,69.3290882936508,3.228002168023783,12,0,0,0,0,1,107.6,20.732142857142858,236.99999999999997,21.5,49,2022,560
Kirinyaga,2022-12-12,66.52625,21.514285714285712,4.4,65.332,70.55499999999999,68.22200000000001,73.0957142857143,63.89,67.9643125,2.4425553335171934,69.46124107142857,2.78068141849246,69.54877579365079,2.8969113305346417,12,0,0,0,0,1,76.89999999999999,20.957142857142856,232.2,21.314285714285713,50,2022,567
Kirinyaga,2022-12-19,66.66571428571429,22.414285714285715,4.7,66.52625,65.332,69.444,73.71125,65.18666666666667,67.26974107142857,2.2704914312998765,68.58054910714286,2.3198759661146244,69.67202976190477,2.720541339201089,12,0,0,0,0,1,50.39999999999999,21.45357142857143,227.7,21.105357142857144,51,2022,574
Kirinyaga,2022-12-26,64.886,21.52857142857143,7.7,66.66571428571429,66.52625,70.55499999999999,69.678,68.668,65.85249107142857,0.8794504035050051,67.98154910714285,2.5980118258267817,69.3568630952381,3.0469185886882912,12,0,0,0,0,1,37.2,21.660714285714285,146.59999999999997,21.192857142857143,52,2022,581
Kirinyaga,2023-01-02,67.13,21.12857142857143,13.9,64.886,66.66571428571429,65.332,72.22142857142858,71.94500000000001,66.30199107142857,0.9786412594031039,67.34512053571429,1.9550624954537699,68.95561309523809,2.991644266713834,1,0,0,0,0,1,30.700000000000003,21.646428571428572,138.29999999999998,21.189285714285713,1,2023,588
Kirinyaga,2023-01-09,66.5411111111111,22.414285714285715,1.5,67.13,64.886,66.52625,68.22200000000001,73.0957142857143,66.30570634920635,0.9798039356585894,67.13500942460317,1.93760624246131,68.40939616402116,2.7561243595239304,1,0,0,0,0,1,27.800000000000004,21.871428571428574,104.69999999999999,21.41428571428571,2,2023,595
Kirinyaga,2023-01-16,63.64857142857142,22.585714285714285,0.1,66.5411111111111,67.13,66.66571428571429,69.444,73.71125,65.55142063492063,1.5848259393387558,66.4105808531746,2.032087738469301,67.57083961640213,2.516782025410112,1,0,0,0,0,1,23.2,21.914285714285715,73.59999999999998,21.68392857142857,3,2023,602
Kirinyaga,2023-01-23,64.83666666666666,22.87142857142857,0.4,63.64857142857142,66.5411111111111,64.886,70.55499999999999,69.678,65.5390873015873,1.5919066077417026,65.69578918650794,1.2023336134302491,67.16739517195766,2.5362548839063157,1,0,0,0,0,1,15.9,22.25,53.09999999999999,21.955357142857146,4,2023,609
Kirinyaga,2023-01-30,65.00166666666667,23.957142857142856,0.0,64.83666666666666,63.64857142857142,67.13,65.332,72.22142857142858,65.00700396825397,1.1871347822577287,65.65449751984127,1.2221214758613954,66.56574834656084,2.035187208790435,1,0,0,0,0,1,2.0,22.957142857142856,32.69999999999999,22.301785714285714,5,2023,616
Kirinyaga,2023-02-06,63.95875,24.099999999999998,0.4,65.00166666666667,64.83666666666666,66.5411111111111,66.52625,68.22200000000001,64.36141369047618,0.6598159851777814,65.33356001984126,1.295413146753142,66.2104775132275,2.0911179955035926,2,0,1,1,0,1,0.9,23.378571428571426,28.699999999999985,22.625,6,2023,623
Kirinyaga,2023-02-13,60.664,24.099999999999998,0.1,63.95875,65.00166666666667,63.64857142857142,66.66571428571429,69.444,63.61527083333333,2.020055994107612,64.58334573412698,1.9739102071184036,65.47881084656085,2.3738007686418237,2,0,1,1,0,1,0.9,23.757142857142853,24.099999999999987,22.835714285714285,7,2023,630
Kirinyaga,2023-02-20,65.11,24.599999999999998,0.2,60.664,63.95875,64.83666666666666,64.886,70.55499999999999,63.68360416666667,2.0789106426373505,64.61134573412699,1.9803947532706945,65.02506084656085,1.7550417594176262,2,0,1,1,0,1,0.7000000000000001,24.189285714285713,16.599999999999987,23.219642857142855,8,2023,637
Kirinyaga,2023-02-27,65.332,25.057142857142857,0.30000000000000004,65.11,60.664,65.00166666666667,67.13,65.332,63.7661875,2.153930393635411,64.38659573412698,1.7413199595789048,65.02506084656085,1.7550417594176262,2,0,1,1,0,1,1.0,24.46428571428571,2.999999999999986,23.710714285714285,9,2023,644
Kirinyaga,2023-03-06,59.8625,25.214285714285715,0.6,65.332,65.11,63.95875,66.5411111111111,66.52625,62.742125,2.8824253784792653,63.55176934523809,2.1204915641896913,64.46974834656085,2.2275116426276913,3,1,1,1,0,1,1.2000000000000002,24.742857142857144,2.099999999999986,24.060714285714283,10,2023,651
Kirinyaga,2023-03-13,66.11,23.25714285714286,13.0,59.8625,65.332,60.664,63.64857142857142,66.66571428571429,64.103625,2.8597422778695947,63.85944791666667,2.3069223756119297,64.42343882275132,2.183040280209799,3,1,1,1,0,1,14.1,24.532142857142855,14.999999999999986,24.14464285714286,11,2023,658
Kirinyaga,2023-03-20,66.74714285714286,21.985714285714288,71.6,66.11,59.8625,65.11,64.83666666666666,64.886,64.51291071428571,3.1538185597906105,64.09825744047619,2.512279033760162,64.57853406084656,2.2827275694061373,3,1,1,1,0,1,85.5,23.87857142857143,86.19999999999997,24.033928571428568,12,2023,665
Kirinyaga,2023-03-27,66.60444444444445,22.2,15.6,66.74714285714286,66.11,65.332,65.00166666666667,67.13,64.83102182539683,3.3235794907804665,64.29860466269841,2.6544984621143577,64.53473776455026,2.2338432795657903,3,1,1,1,0,1,100.8,23.164285714285718,101.79999999999997,23.814285714285713,13,2023,672
Kirinyaga,2023-04-03,65.555,21.414285714285715,30.2,66.60444444444445,66.74714285714286,59.8625,63.95875,66.5411111111111,66.25414682539683,0.540166054705088,64.49813591269842,2.685119334714284,64.45256183862433,2.1705671693643787,4,1,0,0,0,1,130.39999999999998,22.214285714285715,131.59999999999997,23.478571428571428,14,2023,679
Kirinyaga,2023-04-10,65.92666666666666,21.17142857142857,44.1,65.555,66.60444444444445,66.11,60.664,63.64857142857142,66.2083134920635,0.5637376071894763,65.15596924603175,2.215117064111624,64.64240310846561,2.193359568742326,4,1,0,0,0,1,161.5,21.692857142857143,175.59999999999997,23.1125,15,2023,686
Kirinyaga,2023-04-17,65.556,21.785714285714285,68.3,65.92666666666666,65.555,66.74714285714286,65.11,64.83666666666666,65.91052777777777,0.49459436241723537,65.21171924603175,2.2194031432723142,64.70234755291004,2.2089258823087445,4,1,0,0,0,1,158.2,21.642857142857142,243.7,22.760714285714286,16,2023,693
Kirinyaga,2023-04-24,66.11,20.87142857142857,81.7,65.556,65.92666666666666,66.60444444444445,65.332,65.00166666666667,65.78691666666667,0.2775012012014254,65.30896924603175,2.242353117971764,64.79470866402116,2.245448237711497,4,1,0,0,0,1,224.3,21.310714285714283,325.09999999999997,22.2375,17,2023,700
Kirinyaga,2023-05-01,63.70333333333334,21.271428571428572,39.8,66.11,65.556,65.555,59.8625,63.95875,65.324,1.1047454541748702,65.78907341269841,0.9462008159790283,64.77342394179895,2.255281728467226,5,0,0,0,0,1,233.9,21.275,364.29999999999995,21.744642857142857,18,2023,707
Kirinyaga,2023-05-08,65.80111111111111,21.814285714285713,34.6,63.70333333333334,66.11,65.92666666666666,66.11,60.664,65.29261111111111,1.0834934867381483,65.7504623015873,0.9374963906712839,65.20151653439153,1.8566555707627128,5,0,0,0,0,1,224.39999999999998,21.435714285714287,385.9,21.564285714285713,19,2023,714
Kirinyaga,2023-05-15,64.28428571428572,22.02857142857143,8.1,65.80111111111111,63.70333333333334,65.556,66.74714285714286,65.11,64.97468253968255,1.164031285430426,65.44260515873016,0.9673520462519718,65.13270701058201,1.875560257808282,5,0,0,0,0,1,164.2,21.49642857142857,322.4,21.56964285714286,20,2023,721
Kirinyaga,2023-05-22,66.875,21.357142857142858,38.4,64.28428571428572,65.80111111111111,66.11,66.60444444444445,65.332,65.16593253968254,1.4423200020185287,65.4764246031746,1.017217794252135,65.26129034391535,1.9421743243867686,5,0,0,0,0,1,120.9,21.617857142857144,345.2,21.46428571428571,21,2023,728
Kirinyaga,2023-05-29,64.07333333333334,21.171428571428574,29.2,66.875,64.28428571428572,63.70333333333334,65.555,59.8625,65.25843253968254,1.3242875508450827,65.29121626984127,1.1295510037957432,65.61219312169312,1.0565451303612514,5,0,0,0,0,1,110.3,21.59285714285714,344.2,21.43392857142857,22,2023,735
Kirinyaga,2023-06-05,67.28444444444443,21.357142857142858,23.999999999999996,64.07333333333334,66.875,65.80111111111111,65.92666666666666,66.11,65.62926587301587,1.6853651744626552,65.46093849206349,1.3239505050475582,65.7100634920635,1.1565164473533727,6,0,0,0,0,1,99.69999999999999,21.478571428571428,324.1,21.457142857142856,23,2023,742
Kirinyaga,2023-06-12,70.62375,21.071428571428573,1.1,67.28444444444443,64.07333333333334,64.28428571428572,65.556,66.74714285714286,67.21413194444445,2.683906700050746,66.0944072420635,2.2584836663152097,66.03311408730158,1.8223180659106404,6,0,0,0,0,1,92.69999999999999,21.239285714285714,256.9,21.367857142857144,24,2023,749
Kirinyaga,2023-06-19,71.50714285714285,21.271428571428572,1.1,70.62375,67.28444444444443,66.875,66.11,66.60444444444445,68.37216765873015,3.3941523675429495,66.76905009920634,2.9607325137102243,66.44167228835978,2.4151945041007172,6,0,0,0,0,1,55.4,21.21785714285714,176.3,21.417857142857144,25,2023,756
Kirinyaga,2023-06-26,68.61,20.942857142857143,1.7,71.50714285714285,70.62375,64.07333333333334,63.70333333333334,65.555,69.50633432539682,1.9141632146123653,67.38238343253968,2.734504764529493,66.69625562169313,2.473542080311881,6,0,0,0,0,1,27.899999999999995,21.160714285714285,138.2,21.376785714285717,26,2023,763
Kirinyaga,2023-07-03,63.81,20.185714285714287,5.3,68.61,71.50714285714285,67.28444444444443,65.80111111111111,65.92666666666666,68.63772321428571,3.4392611362887164,67.13349454365078,2.9786993794778107,66.51986673280423,2.6053679294589394,7,0,0,0,0,1,9.2,20.867857142857144,108.9,21.173214285714288,27,2023,770
Kirinyaga,2023-07-10,66.16444444444444,21.214285714285715,0.30000000000000004,63.81,68.61,70.62375,64.28428571428572,65.556,67.52289682539683,3.300858749935551,67.36851438492063,2.7899754860220165,66.57057043650794,2.590784333047527,7,0,0,0,0,1,8.4,20.90357142857143,101.1,21.071428571428573,28,2023,777
Kirinyaga,2023-07-17,60.68,21.400000000000002,0.4,66.16444444444444,63.81,71.50714285714285,66.875,66.11,64.81611111111111,3.3828622186138224,66.59413938492062,3.6680699010396793,66.11807043650794,3.1022487152575122,7,0,0,0,0,1,7.7,20.935714285714287,63.099999999999994,21.076785714285716,29,2023,784
Kirinyaga,2023-07-24,50.63714285714286,21.642857142857142,1.6,60.68,66.16444444444444,68.61,64.07333333333334,63.70333333333334,60.322896825396825,6.836785788336263,64.91461557539682,6.760051043933716,65.02922123015873,5.439455774202684,7,0,0,0,0,1,7.6,21.110714285714288,35.49999999999999,21.135714285714286,30,2023,791
Kirinyaga,2023-07-31,57.22888888888888,20.5,10.9,50.63714285714286,60.68,63.81,67.28444444444443,65.80111111111111,58.67761904761905,6.501542392474741,63.65767113095238,7.178370905076038,64.31486937830688,5.874368501004944,7,0,0,0,0,1,13.2,21.189285714285717,22.4,21.02857142857143,31,2023,798
Kirinyaga,2023-08-07,52.097142857142856,21.271428571428572,4.5,57.22888888888888,50.63714285714286,66.16444444444444,70.62375,64.28428571428572,55.16079365079365,4.639972317707913,61.34184523809524,7.586813980165386,63.29927414021163,6.8522389166231905,8,1,0,1,0,1,17.4,21.20357142857143,25.799999999999997,21.053571428571427,32,2023,805
Kirinyaga,2023-08-14,48.33375,22.414285714285715,5.7,52.097142857142856,57.22888888888888,60.68,71.50714285714285,66.875,52.07423115079365,3.7695023255235944,58.44517113095238,7.575050434184153,61.75416997354497,7.9716423231581475,8,1,0,1,0,1,22.700000000000003,21.457142857142856,30.400000000000002,21.19642857142857,33,2023,812
Kirinyaga,2023-08-21,49.666,23.085714285714285,0.8999999999999999,48.33375,52.097142857142856,50.63714285714286,68.61,64.07333333333334,51.831445436507934,3.921140065765022,56.07717113095238,6.871893390289763,60.55355886243387,8.64694178597516,8,1,0,1,0,1,22.0,21.817857142857143,29.6,21.464285714285715,34,2023,819
Kirinyaga,2023-08-28,47.22,23.057142857142857,6.4,49.666,48.33375,57.22888888888888,63.81,67.28444444444443,49.32922321428571,2.0987764086685816,54.003421130952376,6.706177929955497,58.881521825396824,9.152228251939842,8,1,0,1,0,1,17.5,22.45714285714286,30.700000000000003,21.823214285714286,35,2023,826
Kirinyaga,2023-09-04,50.0,23.02857142857143,10.4,47.22,49.666,52.097142857142856,66.16444444444444,70.62375,48.8049375,1.2784948894271,51.98286557539682,4.633503637226233,57.1628759920635,8.670496930065413,9,1,0,1,0,1,23.4,22.896428571428572,40.8,22.05,36,2023,833
Kirinyaga,2023-09-11,48.222,23.24285714285714,4.2,50.0,47.22,48.33375,60.68,71.50714285714285,48.777,1.2933579035465044,50.425615575396826,3.148451634645356,55.22244742063492,7.722168809085007,9,1,0,1,0,1,21.900000000000002,23.103571428571428,44.6,22.28035714285714,37,2023,840
Kirinyaga,2023-09-18,48.89000000000001,24.014285714285712,2.5,48.222,50.0,49.666,50.63714285714286,68.61,48.583,1.1676512036275446,50.207222718253966,3.1919774827790013,53.57911408730158,6.6361105476884905,9,1,0,1,0,1,23.5,23.335714285714285,45.5,22.576785714285716,38,2023,847
Kirinyaga,2023-09-25,46.222,23.900000000000002,8.1,48.89000000000001,48.222,47.22,57.22888888888888,63.81,48.3335,1.5872175864279467,48.83136160714285,1.802985447991414,52.11344742063492,6.09094373202883,9,1,0,1,0,1,25.2,23.54642857142857,42.7,23.001785714285717,39,2023,854
Kirinyaga,2023-10-02,48.89,22.75714285714286,22.7,46.222,48.89000000000001,50.0,52.097142857142856,66.16444444444444,48.056,1.2625666979079269,48.43046875,1.2425599327127193,50.67391038359788,4.223187554793952,10,0,1,0,0,1,37.5,23.478571428571428,60.900000000000006,23.1875,40,2023,861
Kirinyaga,2023-10-09,42.22,24.599999999999998,24.400000000000002,48.89,46.222,48.222,48.33375,60.68,46.55550000000001,3.1521190227103744,47.66625,2.5268843463837083,49.13557705026455,3.5565251476141753,10,0,1,0,0,1,57.699999999999996,23.817857142857143,79.6,23.46071428571429,41,2023,868
Kirinyaga,2023-10-16,45.56,22.52857142857143,79.0,42.22,48.89,48.89000000000001,49.666,50.63714285714286,45.723,2.7432625345257216,47.153,2.479224994111574,48.71248181216932,3.66208483574016,10,0,1,0,0,1,134.2,23.446428571428573,157.7,23.39107142857143,42,2023,875
Kirinyaga,2023-10-23,46.48,22.32857142857143,31.7,45.56,42.22,46.222,47.22,57.22888888888888,45.7875,2.761875872180444,47.060500000000005,2.4901487620505347,47.81674107142857,2.5288532549454974,10,0,1,0,0,1,157.79999999999998,23.053571428571427,182.99999999999997,23.299999999999997,43,2023,882
Kirinyaga,2023-10-30,42.03666666666667,21.342857142857145,77.3,46.48,45.56,48.89,50.0,52.097142857142856,44.07416666666666,2.2792597482513752,46.065083333333334,2.727565434304287,46.978368055555556,2.645735428744328,10,0,1,0,0,1,212.39999999999998,22.700000000000003,249.9,23.089285714285715,44,2023,889
Kirinyaga,2023-11-06,42.5,21.32857142857143,91.2,42.03666666666667,46.48,42.22,48.222,48.33375,44.14416666666666,2.206470912767222,45.349833333333336,2.82949166448036,46.49222222222223,2.897988997383725,11,0,1,0,0,1,279.2,21.88214285714286,336.9,22.85,45,2023,896
Kirinyaga,2023-11-13,43.335,21.285714285714285,85.4,42.5,42.03666666666667,45.56,48.89000000000001,49.666,43.587916666666665,2.001503774942721,44.655458333333335,2.4989049534283043,45.964638888888885,2.8434422035300306,11,0,1,0,0,1,285.6,21.57142857142857,419.8,22.50892857142857,46,2023,903
Kirinyaga,2023-11-20,44.025,20.82857142857143,59.3,43.335,42.5,46.48,46.222,47.22,42.97416666666666,0.8828347649594421,44.38083333333333,2.4216805131840062,45.69838888888889,2.8647131851195047,11,0,1,0,0,1,313.2,21.196428571428573,471.0,22.125,47,2023,910
Kirinyaga,2023-11-27,41.11,21.114285714285717,2.0,44.025,43.335,42.03666666666667,48.89,50.0,42.7425,1.2542893074029648,43.40833333333333,1.8459017239825408,44.95755555555556,2.799932532857372,11,0,1,0,0,1,237.89999999999998,21.139285714285716,450.29999999999995,21.919642857142858,48,2023,917
Kirinyaga,2023-12-04,47.78,21.271428571428572,0.9,41.11,44.025,42.5,42.22,48.222,44.0625,2.772948190404139,44.10333333333334,2.3203018755432248,44.920722222222224,2.755641467176709,12,0,0,0,0,1,147.6,21.125,426.8,21.50357142857143,49,2023,924
Kirinyaga,2023-12-11,44.445,21.585714285714285,21.299999999999997,47.78,41.11,43.335,45.56,48.89000000000001,44.339999999999996,2.731101731291902,43.96395833333334,2.2528096985091772,44.55030555555555,2.4560463854829786,12,0,0,0,0,1,83.49999999999997,21.200000000000003,369.1,21.385714285714286,50,2023,931
Kirinyaga,2023-12-18,47.485,21.885714285714283,1.4,44.445,47.78,44.025,46.48,46.222,45.205,3.1185279647079853,44.08958333333333,2.4338997628403205,44.65555555555556,2.559096799845081,12,0,0,0,0,1,25.59999999999998,21.464285714285715,338.8,21.330357142857146,51,2023,938
Kirinyaga,2023-12-25,46.26857142857143,22.3,10.2,47.485,44.445,41.11,42.03666666666667,48.89,46.49464285714286,1.5149361249188842,44.61857142857143,2.383334142048011,44.43710317460317,2.259070281037599,12,0,0,0,0,1,33.79999999999998,21.760714285714286,271.7,21.45,52,2023,945
Kirinyaga,2024-01-01,46.11,22.87142857142857,23.7,46.26857142857143,47.485,47.78,42.5,42.22,46.07714285714286,1.2494901000821272,45.06982142857142,2.26365612022033,44.76126984126984,2.190048003824121,1,0,0,0,0,1,56.59999999999998,22.160714285714285,204.20000000000002,21.642857142857142,1,2024,952
Kirinyaga,2024-01-08,44.44,22.514285714285712,26.2,46.11,46.26857142857143,44.445,43.335,45.56,46.07589285714286,1.2516677819588247,45.207946428571425,2.174640027095911,44.66793650793651,2.176739094916257,1,0,0,0,0,1,61.499999999999986,22.392857142857142,145.0,21.79642857142857,2,2024,959
Kirinyaga,2024-01-15,43.33,22.042857142857144,35.2,44.44,46.11,47.485,44.025,46.48,45.037142857142854,1.4069298847772538,45.121071428571426,2.241503231024349,44.40543650793651,2.12773351374618,1,0,0,0,0,1,95.29999999999998,22.432142857142857,120.89999999999999,21.948214285714286,3,2024,966
Kirinyaga,2024-01-22,41.735,22.214285714285715,5.1000000000000005,43.33,44.44,46.26857142857143,41.11,42.03666666666667,43.90375,1.842803005387612,45.199196428571426,2.0873193585531085,44.38029761904762,2.159804830784929,1,0,0,0,0,1,90.19999999999999,22.410714285714285,123.99999999999999,22.085714285714285,4,2024,973
Kirinyaga,2024-01-29,43.33,23.17142857142857,1.4,41.735,43.33,46.11,47.78,42.5,43.208749999999995,1.113151494630841,44.642946428571435,1.8843851004057854,44.44946428571429,2.106753719846306,1,0,0,0,0,1,67.9,22.485714285714288,124.49999999999999,22.323214285714286,5,2024,980
Kirinyaga,2024-02-05,44.44,23.714285714285715,4.7,43.33,41.735,44.44,44.445,43.335,43.208749999999995,1.113151494630841,44.64232142857142,1.884460960657866,44.54154761904761,2.077560423411573,2,0,1,1,0,1,46.4,22.785714285714285,107.89999999999999,22.589285714285715,6,2024,987
Kirinyaga,2024-02-12,43.33,24.099999999999998,0.8999999999999999,44.44,43.33,43.33,47.485,44.025,43.208749999999995,1.113151494630841,44.12294642857143,1.5279171037785475,44.483630952380956,2.1028034220433547,2,0,1,1,0,1,12.099999999999994,23.299999999999997,107.39999999999999,22.866071428571427,7,2024,994
Kirinyaga,2024-02-19,38.728571428571435,24.24285714285714,8.299999999999999,43.33,44.44,41.735,46.26857142857143,41.11,42.457142857142856,2.540192022309113,43.18044642857143,2.1951517920874237,44.28517857142857,2.520936490833758,2,0,1,1,0,1,15.299999999999994,23.807142857142857,105.5,23.10892857142857,8,2024,1001
Kirinyaga,2024-02-26,41.665,24.185714285714287,17.0,38.728571428571435,43.33,43.33,46.11,47.78,42.04089285714286,2.4853089006462343,42.62482142857143,1.8888916008046304,43.77559523809524,2.3633909680069958,2,0,1,1,0,1,30.89999999999999,24.060714285714283,98.80000000000001,23.273214285714285,9,2024,1008
Kirinyaga,2024-03-04,28.89,24.314285714285713,5.2,41.665,38.728571428571435,44.44,44.44,44.445,38.15339285714286,6.4619378892103265,40.68107142857143,5.0723411653749615,42.479345238095235,4.884218181145643,3,1,1,1,0,1,31.39999999999999,24.210714285714285,77.8,23.498214285714283,10,2024,1015
Kirinyaga,2024-03-11,32.93714285714286,24.599999999999998,0.9,28.89,41.665,43.33,43.33,47.485,35.55517857142857,5.735243572424122,39.38196428571428,5.600391395500581,41.26702380952381,5.315259571023805,3,1,1,1,0,1,31.399999999999995,24.335714285714282,43.5,23.81785714285714,11,2024,1022
Kirinyaga,2024-03-18,35.56,25.37142857142857,8.3,32.93714285714286,28.89,38.728571428571435,41.735,46.26857142857143,34.76303571428572,5.357197535435069,38.61008928571429,5.655022954142495,40.37464285714286,5.298115826213937,3,1,1,1,0,1,31.39999999999999,24.61785714285714,46.699999999999996,24.2125,12,2024,1029
Kirinyaga,2024-03-25,36.23444444444445,23.314285714285713,23.6,35.56,32.93714285714286,41.665,43.33,46.11,33.40539682539683,3.3293590744782677,37.72314484126984,5.357608207878972,39.5516798941799,5.089115383633149,3,1,1,1,0,1,37.99999999999999,24.4,68.9,24.23035714285714,13,2024,1036
Kirinyaga,2024-04-01,33.26375,22.642857142857142,49.5,36.23444444444445,35.56,28.89,44.44,44.44,34.49883432539683,1.6434444121163063,36.32611359126984,4.782172975647542,38.620325727513226,5.135645406542883,4,1,0,0,0,1,82.29999999999998,23.982142857142854,113.69999999999999,24.096428571428568,14,2024,1043
Kirinyaga,2024-04-08,37.77777777777778,22.457142857142856,72.1,33.26375,36.23444444444445,32.93714285714286,43.33,43.33,35.70899305555556,1.8759337159866443,35.63208581349206,3.9511979416098373,38.157640542328046,4.918271273220044,4,1,0,0,0,1,153.5,23.44642857142857,184.89999999999998,23.89107142857143,15,2024,1050
Kirinyaga,2024-04-15,37.778,22.67142857142857,54.0,37.77777777777778,33.26375,35.56,38.728571428571435,41.735,36.26349305555556,2.1280735988120085,35.51326438492063,3.85797008973137,37.82789054232804,4.787532302181847,4,1,0,0,0,1,199.2,22.771428571428572,230.59999999999997,23.694642857142856,16,2024,1057
Kirinyaga,2024-04-22,34.44,22.071428571428573,76.60000000000001,37.778,37.77777777777778,36.23444444444445,41.665,43.33,35.814881944444444,2.3169928148129437,34.610139384920636,2.951283007437752,37.087057208994715,4.540161255626783,4,1,0,0,0,1,252.2,22.460714285714285,290.2,23.430357142857144,17,2024,1064
Kirinyaga,2024-04-29,37.30142857142857,22.085714285714285,96.6,34.44,37.778,33.26375,28.89,44.44,36.82430158730159,1.6053246531853886,35.66156795634921,1.951172772093023,36.49217625661376,3.913581174706723,4,1,0,0,0,1,299.29999999999995,22.32142857142857,381.6,23.151785714285715,18,2024,1071
Kirinyaga,2024-05-06,34.11,21.7,67.8,37.30142857142857,34.44,37.77777777777778,32.93714285714286,43.33,35.907357142857144,1.8996815110790606,35.80817509920635,1.7510179926133815,35.72384292328042,3.3071848858320014,5,0,0,0,0,1,295.0,22.132142857142856,448.5,22.789285714285715,19,2024,1078
Kirinyaga,2024-05-13,33.33,22.2,1.8,34.11,37.30142857142857,37.778,35.56,38.728571428571435,34.79535714285714,1.734325870327685,35.52942509920635,1.961071008973365,35.27396197089947,3.227517574839567,5,0,0,0,0,1,242.79999999999998,22.014285714285712,442.0,22.39285714285714,20,2024,1085
Kirinyaga,2024-05-20,35.56,22.057142857142857,10.9,33.33,34.11,34.44,36.23444444444445,41.665,35.07535714285714,1.7481855997446551,35.44511954365079,1.9408252901966714,34.76521197089947,2.535495263966529,5,0,0,0,0,1,177.1,22.010714285714286,429.29999999999995,22.235714285714288,21,2024,1092
Kirinyaga,2024-05-27,36.82285714285714,21.285714285714285,0.2,35.56,33.33,37.30142857142857,33.26375,28.89,34.955714285714286,1.5502218406086707,35.890007936507935,1.7697458251308609,35.4262833994709,1.7885418468218568,5,0,0,0,0,1,80.69999999999999,21.810714285714283,380.0,22.066071428571426,22,2024,1099
Kirinyaga,2024-06-03,36.902857142857144,21.428571428571427,2.8,36.82285714285714,35.56,34.11,37.77777777777778,32.93714285714286,35.65392857142857,1.6669016330965487,35.78064285714286,1.660056142574475,35.75675958994709,1.6476312624409133,6,0,0,0,0,1,15.699999999999987,21.74285714285714,310.69999999999993,21.937499999999996,23,2024,1106
Kirinyaga,2024-06-10,33.33,20.642857142857142,1.1,36.902857142857144,36.82285714285714,33.33,37.778,35.56,35.65392857142857,1.6669016330965487,35.224642857142854,1.6402800994532787,35.57092625661375,1.7913330735549406,6,0,0,0,0,1,14.999999999999986,21.353571428571428,257.79999999999995,21.683928571428574,24,2024,1113
Kirinyaga,2024-06-17,33.33,20.157142857142855,13.3,33.33,36.902857142857144,35.56,34.44,36.23444444444445,35.09642857142857,2.0399574825496636,35.08589285714286,1.7587993581456252,35.32888921957672,1.88718469874516,6,0,0,0,0,1,17.399999999999984,20.878571428571426,194.5,21.444642857142856,25,2024,1120
Kirinyaga,2024-06-24,37.29,19.057142857142857,0.6,33.33,33.33,36.82285714285714,37.30142857142857,33.26375,35.21321428571429,2.1802846893304433,35.08446428571428,1.7567461701713516,35.66441005291005,1.8440664477430082,6,0,0,0,0,1,17.799999999999986,20.32142857142857,98.49999999999999,21.066071428571426,26,2024,1127
Kirinyaga,2024-07-01,36.18857142857143,20.7,2.9,37.29,33.33,36.902857142857144,34.11,37.77777777777778,35.034642857142856,2.0190593131956764,35.34428571428571,1.7457096095324875,35.53197619047619,1.7321649347459926,7,0,0,0,0,1,17.899999999999984,20.139285714285712,33.59999999999999,20.941071428571426,27,2024,1134
Kirinyaga,2024-07-08,35.63428571428572,20.071428571428573,6.2,36.18857142857143,37.29,33.33,33.33,37.778,35.61071428571428,1.6689450413415623,35.63232142857143,1.544369994773205,35.35333333333333,1.5836446460220044,7,0,0,0,0,1,22.999999999999986,19.99642857142857,37.999999999999986,20.675,28,2024,1141
Kirinyaga,2024-07-15,34.44,20.414285714285715,3.8000000000000003,35.63428571428572,36.18857142857143,33.33,35.56,34.44,35.888214285714284,1.1856112261572316,35.49232142857143,1.6015684618206723,35.35333333333333,1.5836446460220044,7,0,0,0,0,1,13.499999999999986,20.060714285714283,30.899999999999988,20.469642857142855,29,2024,1148
Kirinyaga,2024-07-22,38.09428571428571,20.12857142857143,4.7,34.44,35.63428571428572,37.29,36.82285714285714,37.30142857142857,36.089285714285715,1.5228319036587596,35.65125,1.8028935986314094,35.419404761904765,1.6855696017961976,7,0,0,0,0,1,17.599999999999987,20.32857142857143,35.399999999999984,20.325,30,2024,1155
Kirinyaga,2024-07-29,34.445,20.185714285714287,2.3,38.09428571428571,34.44,36.18857142857143,36.902857142857144,34.11,35.653392857142855,1.7215166323054516,35.34401785714286,1.768226036032191,35.44732142857143,1.6645546888441585,7,0,0,0,0,1,16.999999999999986,20.200000000000003,34.89999999999999,20.169642857142858,31,2024,1162
Kirinyaga,2024-08-05,35.082499999999996,20.0,3.7,34.445,38.09428571428571,35.63428571428572,33.33,33.33,35.51544642857142,1.7454985198808755,35.56308035714285,1.5817973425812286,35.5933630952381,1.5336312243616652,8,1,0,1,0,1,14.499999999999988,20.182142857142857,37.499999999999986,20.089285714285715,32,2024,1169
Kirinyaga,2024-08-12,32.22125,20.414285714285715,6.4,35.082499999999996,34.445,34.44,33.33,35.56,34.96075892857142,2.4224455582034925,35.42448660714285,1.8338911116269747,35.31513392857143,1.8169246758903455,8,1,0,1,0,1,17.099999999999987,20.182142857142857,30.599999999999987,20.12142857142857,33,2024,1176
Kirinyaga,2024-08-19,30.475714285714282,20.25714285714286,2.5,32.22125,35.082499999999996,38.09428571428571,37.29,36.82285714285714,33.05611607142857,2.112715876618703,34.57270089285714,2.3527489183945987,34.786205357142855,2.2177575906787492,8,1,0,1,0,1,14.899999999999986,20.214285714285715,32.499999999999986,20.271428571428572,34,2024,1183
Kirinyaga,2024-08-26,30.740000000000002,21.214285714285715,23.8,30.475714285714282,32.22125,34.445,36.18857142857143,36.902857142857144,32.129866071428566,2.113002915697273,33.891629464285714,2.5943808655971377,34.27263392857143,2.389930232994838,8,1,0,1,0,1,36.39999999999999,20.47142857142857,53.39999999999999,20.33571428571429,35,2024,1190
Kirinyaga,2024-09-02,32.61714285714286,20.74285714285714,9.5,30.740000000000002,30.475714285714282,35.082499999999996,35.63428571428572,33.33,31.513526785714284,1.0636790014725686,33.51448660714286,2.523185513790256,34.21322916666667,2.4241057687667857,9,1,0,1,0,1,42.19999999999999,20.65714285714286,56.69999999999999,20.419642857142858,36,2024,1197
Kirinyaga,2024-09-09,31.805,21.62857142857143,0.0,32.61714285714286,30.740000000000002,32.22125,34.44,33.33,31.409464285714286,0.9891086097261428,33.18511160714286,2.5568709184036864,34.086145833333326,2.5129636331133454,9,1,0,1,0,1,35.79999999999998,20.96071428571429,52.89999999999999,20.571428571428573,37,2024,1204
Kirinyaga,2024-09-16,33.88875,22.542857142857144,0.8999999999999999,31.805,32.61714285714286,30.475714285714282,38.09428571428571,37.29,32.262723214285714,1.3288808473445195,32.659419642857145,1.6880852422955992,33.802708333333335,2.3016810108291663,9,1,0,1,0,1,34.19999999999999,21.53214285714286,49.09999999999999,20.873214285714287,38,2024,1211
Kirinyaga,2024-09-23,33.76142857142857,22.842857142857145,1.7,33.88875,31.805,30.740000000000002,34.445,36.18857142857143,33.01808035714286,0.9904455271005433,32.573973214285715,1.5997830311096697,33.60044642857142,2.1761837531838752,9,1,0,1,0,1,12.099999999999985,21.939285714285717,48.499999999999986,21.205357142857146,39,2024,1218
Kirinyaga,2024-09-30,34.59111111111111,22.814285714285713,9.200000000000001,33.76142857142857,33.88875,32.61714285714286,35.082499999999996,35.63428571428572,33.51157242063492,1.1947781151836914,32.512549603174605,1.4957604853400435,33.51351521164021,2.107298202119717,9,1,0,1,0,1,11.799999999999986,22.457142857142856,53.999999999999986,21.557142857142857,40,2024,1225
Kirinyaga,2024-10-07,41.665,23.014285714285712,12.6,34.59111111111111,33.76142857142857,31.805,32.22125,34.44,35.97657242063492,3.8097933495421152,33.6930183531746,3.549558062154877,34.115598544973544,3.1635141700861276,10,0,1,0,0,1,24.399999999999984,22.803571428571427,60.19999999999999,21.88214285714286,41,2024,1232
Kirinyaga,2025-05-12,43.89000000000001,21.099999999999998,41.8,41.665,34.59111111111111,33.88875,30.475714285714282,38.09428571428571,38.47688492063492,5.059665973881808,35.36980406746032,4.7708945499380215,34.59857473544974,4.123059556309927,5,0,0,0,0,1,65.29999999999998,22.442857142857143,99.49999999999999,21.9875,20,2025,1449
Kirinyaga,2025-05-19,47.417500000000004,21.514285714285712,20.0,43.89000000000001,41.665,33.76142857142857,30.740000000000002,34.445,41.89090277777778,5.412259448151386,37.454491567460316,5.955484380504253,35.6796164021164,5.53725619509739,5,0,0,0,0,1,83.59999999999998,22.110714285714284,95.69999999999999,22.025,21,2025,1456
Kirinyaga,2025-05-26,47.9725,20.957142857142856,24.5,47.417500000000004,43.89000000000001,34.59111111111111,32.61714285714286,35.082499999999996,45.236250000000005,2.9894888777179625,39.37391121031746,6.611999310384668,36.75378306878307,6.5656523506925115,5,0,0,0,0,1,98.89999999999998,21.646428571428572,110.69999999999999,22.051785714285714,22,2025,1463
Kirinyaga,2025-06-02,50.07857142857143,20.900000000000002,35.6,47.9725,47.417500000000004,41.665,31.805,32.22125,47.33964285714286,2.5695872210131756,41.65810763888889,6.778017525668707,38.24189318783069,7.413857827733463,6,0,0,0,0,1,121.89999999999998,21.11785714285714,146.29999999999998,21.960714285714285,23,2025,1470
Kirinyaga,2025-06-09,50.37285714285714,20.62857142857143,16.4,50.07857142857143,47.9725,43.89000000000001,33.88875,30.475714285714282,48.96035714285715,1.4834452396065867,43.71862103174603,6.581455204986542,39.899988425925926,7.737004122477881,6,0,0,0,0,1,96.49999999999999,21.0,161.79999999999998,21.72142857142857,24,2025,1477
Kirinyaga,2025-06-16,50.24666666666667,21.071428571428573,3.2,50.37285714285714,50.07857142857143,47.417500000000004,33.76142857142857,30.740000000000002,49.66764880952381,1.136510354486922,45.7792757936508,5.512429877032838,41.52554398148148,7.686545228145491,6,0,0,0,0,1,79.69999999999999,20.889285714285712,163.29999999999998,21.5,25,2025,1484
Kirinyaga,2025-06-23,50.31857142857143,20.82857142857143,5.6,50.24666666666667,50.37285714285714,47.9725,34.59111111111111,32.61714285714286,50.25416666666666,0.12796528192730977,47.74520833333333,3.3213429284241474,43.00066302910053,7.518212793095821,6,0,0,0,0,1,60.79999999999998,20.857142857142858,159.7,21.251785714285717,26,2025,1491
Kirinyaga,2025-06-30,47.81333333333333,20.714285714285715,4.8,50.31857142857143,50.24666666666667,50.07857142857143,41.665,31.805,49.68785714285714,1.2507508553632785,48.51375,2.2529247412774014,44.334690806878314,6.730001506675843,6,0,0,0,0,1,29.999999999999986,20.810714285714287,151.89999999999998,20.964285714285715,27,2025,1498
Kirinyaga,2025-07-07,45.97,20.75714285714286,6.7,47.81333333333333,50.31857142857143,50.37285714285714,43.89000000000001,33.88875,48.587142857142865,2.0976242185043046,48.77375,1.693706384953224,45.34146164021164,5.874564817650483,7,0,0,0,0,1,20.299999999999986,20.84285714285714,116.79999999999998,20.92142857142857,28,2025,1505
Kirinyaga,2025-07-14,47.16,20.957142857142856,1.9000000000000001,45.97,47.81333333333333,50.24666666666667,47.417500000000004,33.76142857142857,47.81547619047619,1.8349315853465127,48.7415625,1.7253147103300654,46.458009259259256,4.610910013014068,7,0,0,0,0,1,18.999999999999986,20.814285714285717,98.69999999999999,20.851785714285715,29,2025,1512
Kirinyaga,2025-07-21,44.951428571428565,19.87142857142857,0.4,47.16,45.97,50.31857142857143,47.9725,34.59111111111111,46.47369047619048,1.2697308310108788,48.36392857142857,2.186640441515727,47.321369047619044,2.802064739531616,7,0,0,0,0,1,13.799999999999985,20.575,74.59999999999998,20.71607142857143,30,2025,1519
Kirinyaga,2025-07-28,38.75,20.099999999999998,1.7000000000000002,44.951428571428565,47.16,47.81333333333333,50.07857142857143,41.665,44.20785714285714,3.7488397298000424,46.947857142857146,3.908147735651623,47.07845238095238,3.3996388753951194,7,0,0,0,0,1,10.699999999999987,20.42142857142857,40.69999999999998,20.61607142857143,31,2025,1526
Kirinyaga,2025-08-04,46.67,20.12857142857143,0.8999999999999999,38.75,44.951428571428565,45.97,50.37285714285714,43.89000000000001,44.38285714285715,3.87280681845359,46.485,3.655680839070643,47.310119047619054,3.2542218835711547,8,1,0,1,0,1,4.899999999999986,20.264285714285712,25.199999999999985,20.553571428571427,32,2025,1533
Mombasa,2021-05-24,28.548461538461538,25.47142857142857,12.5,,,,,,28.548461538461538,,28.548461538461538,,28.548461538461538,,5,0,0,0,0,1,12.5,25.47142857142857,12.5,25.47142857142857,21,2021,0
Mombasa,2021-05-31,28.89,25.5,11.8,28.548461538461538,,,,,28.71923076923077,0.24150416218986764,28.71923076923077,0.24150416218986764,28.71923076923077,0.24150416218986764,5,0,0,0,0,1,24.3,25.485714285714288,24.3,25.485714285714288,22,2021,7
Mombasa,2021-06-21,28.89,24.057142857142857,41.9,28.89,28.548461538461538,,,,28.776153846153846,0.19718732270784195,28.776153846153846,0.19718732270784195,28.776153846153846,0.19718732270784195,6,0,0,0,0,1,66.2,25.00952380952381,66.2,25.00952380952381,25,2021,28
Mombasa,2021-06-28,30.0,24.114285714285717,23.1,28.89,28.89,,,,29.082115384615385,0.6327493544541395,29.082115384615385,0.6327493544541395,29.082115384615385,0.6327493544541395,6,0,0,0,0,1,89.3,24.785714285714285,89.3,24.785714285714285,26,2021,35
Mombasa,2021-07-12,32.0,24.214285714285715,24.1,30.0,28.89,28.548461538461538,,,29.945,1.4665265084545858,29.665692307692307,1.415305244430064,29.665692307692307,1.415305244430064,7,0,0,0,0,1,100.9,24.47142857142857,113.4,24.67142857142857,28,2021,49
Mombasa,2021-07-26,30.0,23.957142857142856,14.299999999999999,32.0,30.0,28.89,,,30.2225,1.2953860428459147,29.721410256410255,1.2732235022905485,29.721410256410255,1.2732235022905485,7,0,0,0,0,1,103.4,24.085714285714285,127.7,24.552380952380954,30,2021,63
Mombasa,2021-08-30,31.11,24.6,15.7,30.0,32.0,28.89,,,30.7775,0.9685169074414747,29.91978021978022,1.2752919543746233,29.91978021978022,1.2752919543746233,8,1,0,1,0,1,77.19999999999999,24.221428571428575,143.4,24.559183673469388,35,2021,98
Mombasa,2021-09-06,26.67,24.514285714285712,15.7,31.11,30.0,30.0,,,29.945,2.331587442066026,29.513557692307693,1.647472304368175,29.513557692307693,1.647472304368175,9,1,0,1,0,1,69.8,24.32142857142857,159.1,24.55357142857143,36,2021,105
Mombasa,2021-09-13,38.0,24.97142857142857,6.4,26.67,31.11,32.0,28.548461538461538,,31.445,4.759863443419358,30.695,3.35774158794696,30.456495726495728,3.221348102319619,9,1,0,1,0,1,52.099999999999994,24.510714285714286,153.0,24.49107142857143,37,2021,112
Mombasa,2021-09-20,30.0,24.928571428571427,13.2,38.0,26.67,30.0,28.89,,31.445,4.759863443419358,30.833750000000002,3.294844186647635,30.410846153846155,3.040544875950575,9,1,0,1,0,1,50.99999999999999,24.753571428571426,154.39999999999998,24.419642857142858,38,2021,119
Mombasa,2021-09-27,33.33,25.071428571428573,12.5,30.0,38.0,31.11,28.89,,32.0,4.836589707634914,31.38875,3.2946035421579936,30.676223776223775,3.015808338646401,9,1,0,1,0,1,47.79999999999999,24.871428571428574,125.0,24.54642857142857,39,2021,126
Mombasa,2021-10-11,40.0,25.74285714285714,10.3,33.33,30.0,26.67,30.0,,35.332499999999996,4.522045075700449,32.63875,4.4030166201302094,31.453205128205127,3.93861307118526,10,0,1,0,0,1,42.39999999999999,25.178571428571427,112.2,24.75,41,2021,140
Mombasa,2021-11-08,40.0,26.62857142857143,7.0,40.0,33.33,38.0,32.0,28.548461538461538,35.832499999999996,5.0005558024417,33.63875,5.0918125807165024,32.4075,4.515845083501185,11,0,1,0,0,1,42.999999999999986,25.59285714285714,95.1,25.051785714285714,45,2021,168
Mombasa,2022-05-30,53.33,25.457142857142856,67.6,40.0,40.0,30.0,30.0,28.89,41.665,8.388263626440617,36.555,8.349119714077647,34.44416666666667,7.385018567507075,5,0,0,0,0,1,97.39999999999998,25.725,148.39999999999998,25.239285714285714,22,2022,371
Mombasa,2022-06-13,51.0,25.47142857142857,8.9,53.33,40.0,33.33,31.11,28.89,46.082499999999996,7.087587154079071,39.04125,9.392345572706684,36.28666666666667,8.54098496910188,6,0,0,0,0,1,93.79999999999998,25.825,141.6,25.348214285714285,24,2022,385
Mombasa,2022-06-27,64.83500000000001,23.900000000000002,41.7,51.0,53.33,40.0,26.67,30.0,52.29125,10.184413233793427,43.811875,11.635609732166415,39.18958333333334,11.586805673683191,6,0,0,0,0,1,125.19999999999999,25.364285714285714,167.6,25.27142857142857,26,2022,399
Mombasa,2022-07-04,64.445,24.057142857142857,20.6,64.83500000000001,51.0,40.0,38.0,32.0,58.4025,7.266730695436558,47.11749999999999,13.375043925161519,41.89333333333333,13.400195102604991,7,0,0,0,0,1,138.79999999999998,24.72142857142857,181.79999999999998,25.15714285714286,27,2022,406
Mombasa,2022-07-11,72.22,24.042857142857144,55.199999999999996,64.445,64.83500000000001,53.33,30.0,30.0,63.125,8.839327840207448,52.394999999999996,13.972182823637219,45.41166666666667,15.388687748019994,7,0,0,0,0,1,126.39999999999998,24.367857142857144,223.79999999999998,25.04642857142857,28,2022,413
Mombasa,2022-07-18,44.0,23.285714285714285,40.9,72.22,64.445,51.0,33.33,31.11,61.375,12.122996741730146,53.72875,12.301706835696768,46.48583333333334,14.735664656838116,7,0,0,0,0,1,158.39999999999998,23.82142857142857,252.2,24.823214285714286,29,2022,420
Mombasa,2022-08-29,66.11500000000001,24.2,6.0,44.0,72.22,64.83500000000001,40.0,26.67,61.695,12.26088020222582,56.993125,11.58210070308615,49.772916666666674,14.306755787887157,8,1,0,1,0,1,122.69999999999999,23.89642857142857,247.89999999999998,24.630357142857143,35,2022,462
Mombasa,2022-09-26,66.67,24.771428571428572,10.6,66.11500000000001,44.0,64.445,40.0,38.0,62.25125,12.475816857023823,60.326875,9.673084135705054,52.162083333333335,14.553750915818824,9,1,0,1,0,1,112.69999999999997,24.075,251.49999999999997,24.398214285714285,39,2022,490
Mombasa,2022-10-10,66.67,25.02857142857143,6.6000000000000005,66.67,66.11500000000001,72.22,53.33,30.0,60.86375,11.245543839672663,61.994375000000005,9.441658615450704,55.21791666666667,13.270584774799937,10,0,1,0,0,1,64.09999999999998,24.32142857142857,190.49999999999997,24.34464285714286,41,2022,504
Mombasa,2022-12-12,66.67,27.142857142857142,30.3,66.67,66.67,44.0,51.0,33.33,66.53125,0.2774999999995966,63.953125,8.40328164532848,57.99625,11.664368066310496,12,0,0,0,0,1,53.499999999999986,25.28571428571429,211.9,24.55357142857143,50,2022,567
Mombasa,2022-12-19,66.67,27.157142857142855,22.5,66.67,66.67,66.11500000000001,64.83500000000001,40.0,66.67,0.0,64.1825,8.455672652131247,60.21875,10.395484842643794,12,0,0,0,0,1,69.99999999999999,26.025,192.7,24.960714285714285,51,2022,574
Mombasa,2023-01-23,52.0,26.842857142857145,1.3,66.67,66.67,66.67,64.445,40.0,63.0025,7.334999999999999,62.626875000000005,9.482867610854864,61.21875,8.715071356563898,1,0,0,0,0,1,60.69999999999998,26.542857142857144,173.4,25.308928571428574,4,2023,609
Mombasa,2023-01-30,70.0,27.085714285714285,1.1,52.0,66.67,66.67,72.22,53.33,63.835,8.044644181068545,62.349375,9.18999706105193,62.60791666666666,8.671781419779029,1,0,0,0,0,1,55.19999999999998,27.057142857142857,119.30000000000001,25.689285714285717,5,2023,616
Mombasa,2023-02-13,64.61,27.37142857142857,3.4,70.0,52.0,66.67,44.0,51.0,63.32000000000001,7.866625706108051,64.925625,5.431477987159685,63.74208333333333,7.8683850885372735,2,0,1,1,0,1,28.299999999999986,27.114285714285714,81.8,26.2,7,2023,630
Mombasa,2023-02-27,78.33333333333333,27.82857142857143,0.2,64.61,70.0,66.67,66.11500000000001,64.83500000000001,66.23583333333333,11.042655804751961,66.45291666666667,7.232839227692745,64.86694444444444,8.931826049721982,2,0,1,1,0,1,5.999999999999986,27.28214285714286,76.0,26.65357142857143,9,2023,644
Mombasa,2023-03-06,75.0,27.771428571428572,2.2,78.33333333333333,64.61,52.0,66.67,64.445,71.98583333333333,5.992284159187084,67.49416666666667,7.842463524109266,65.74652777777779,9.394241263580087,3,1,1,1,0,1,6.899999999999986,27.514285714285712,67.60000000000001,27.02857142857143,10,2023,651
Mombasa,2023-03-13,63.0,27.642857142857142,10.4,75.0,78.33333333333333,70.0,66.67,72.22,70.23583333333333,7.577908132635726,67.03541666666666,8.00325210436557,64.97819444444444,9.191512868801341,3,1,1,1,0,1,16.199999999999985,27.653571428571425,71.4,27.35535714285714,11,2023,658
Mombasa,2023-04-10,70.33333333333333,27.17142857142857,34.9,63.0,75.0,64.61,66.67,44.0,71.66666666666666,6.644407283433804,67.49333333333334,8.083753842768617,67.17263888888888,6.4676033942895375,4,1,0,0,0,1,47.69999999999999,27.603571428571428,76.0,27.35892857142857,15,2023,686
Mombasa,2023-05-08,66.0,26.12857142857143,22.0,70.33333333333333,63.0,78.33333333333333,66.67,66.11500000000001,68.58333333333333,5.230784942158415,67.40958333333333,8.096962283121117,67.16305555555554,6.469397964017645,5,0,0,0,0,1,69.49999999999997,27.17857142857143,75.5,27.230357142857144,19,2023,714
Mombasa,2023-05-15,85.0,26.785714285714285,16.0,66.0,70.33333333333333,75.0,52.0,66.67,71.08333333333333,9.753916592266357,71.53458333333333,7.509689811931567,68.69055555555555,8.258871915695625,5,0,0,0,0,1,83.29999999999998,26.932142857142857,90.2,27.223214285714285,20,2023,721
Mombasa,2023-05-22,64.0,25.957142857142856,43.0,85.0,66.0,63.0,70.0,66.67,71.33333333333333,9.48683298050514,70.78458333333333,7.970329689363111,68.46805555555555,8.353677525416803,5,0,0,0,0,1,115.89999999999998,26.510714285714286,132.1,27.082142857142856,21,2023,728
Mombasa,2023-05-29,59.0,25.47142857142857,39.7,64.0,85.0,70.33333333333333,64.61,66.67,68.5,11.387127235025822,70.08333333333333,8.79529094783925,67.82888888888888,8.78600061085858,5,0,0,0,0,1,120.69999999999999,26.085714285714285,168.39999999999998,26.84464285714286,22,2023,735
Mombasa,2023-06-05,76.66666666666667,25.52857142857143,26.0,59.0,64.0,66.0,78.33333333333333,66.67,71.16666666666667,11.846237095944577,69.875,8.589283651783417,68.66194444444444,9.133193148485512,6,0,0,0,0,1,124.69999999999999,25.935714285714283,194.2,26.557142857142857,23,2023,742
Mombasa,2023-06-12,64.0,26.2,2.1,76.66666666666667,59.0,85.0,75.0,52.0,65.91666666666667,7.54431353183754,68.5,8.531919525736924,69.66194444444444,7.685172981410985,6,0,0,0,0,1,110.79999999999998,25.789285714285715,194.10000000000002,26.360714285714288,24,2023,749
Mombasa,2023-07-03,56.5,24.24285714285714,45.0,64.0,76.66666666666667,64.0,63.0,70.0,64.04166666666667,8.975661535508147,67.6875,9.39623256991528,68.53694444444444,8.568524436969101,7,0,0,0,0,1,112.79999999999998,25.360714285714288,228.70000000000002,25.935714285714287,27,2023,770
Mombasa,2023-07-10,60.0,25.014285714285712,15.700000000000001,56.5,64.0,59.0,70.33333333333333,64.61,64.29166666666667,8.800647072169712,66.39583333333334,9.686325453630547,68.15277777777779,8.859013082427037,7,0,0,0,0,1,88.79999999999998,25.24642857142857,209.5,25.666071428571428,28,2023,777
Mombasa,2023-08-07,75.0,24.97142857142857,7.5,60.0,56.5,76.66666666666667,66.0,78.33333333333333,63.875,8.024701448236797,67.52083333333334,10.145543043661776,67.875,8.557920603190103,8,1,0,1,0,1,70.29999999999998,25.107142857142858,195.0,25.52142857142857,32,2023,805
Mombasa,2023-08-21,75.0,25.37142857142857,13.6,75.0,60.0,64.0,85.0,75.0,66.625,9.775607398008587,66.27083333333334,8.092686047309487,67.875,8.557920603190103,8,1,0,1,0,1,81.79999999999998,24.9,192.6,25.34464285714286,34,2023,819
Mombasa,2024-02-05,43.33,28.885714285714283,9.2,75.0,75.0,56.5,64.0,63.0,63.332499999999996,15.093781004108964,63.687083333333334,11.502546362326061,66.23583333333333,11.086712141618527,2,0,1,1,0,1,45.99999999999998,26.060714285714287,158.8,25.710714285714285,6,2024,987
Mombasa,2024-02-12,42.775,28.97142857142857,10.1,43.33,75.0,60.0,59.0,70.33333333333333,59.02625,18.446289317457165,61.65895833333334,13.672705661613838,63.93930555555556,12.871390981049311,2,0,1,1,0,1,40.39999999999998,27.049999999999997,129.2,26.148214285714285,7,2024,994
Mombasa,2024-02-26,37.78,28.67142857142857,32.3,42.775,43.33,75.0,76.66666666666667,66.0,49.72125,17.036305534064642,56.798125,14.464497901882782,61.5876388888889,14.881649883725425,2,0,1,1,0,1,65.19999999999997,27.974999999999998,135.5,26.541071428571428,9,2024,1008
Mombasa,2024-03-04,36.11,29.0,17.5,37.78,42.775,75.0,64.0,85.0,39.99875,3.5986117114801703,53.311875,15.781779262694952,57.51347222222223,14.57857692924748,3,1,1,1,0,1,69.09999999999998,28.882142857142856,150.9,26.89107142857143,10,2024,1015
Mombasa,2024-03-18,35.56,27.857142857142858,53.8,36.11,37.78,43.33,56.5,64.0,38.05625,3.2844110963766986,50.694375,16.876045457033378,55.14347222222222,15.697020730936218,3,1,1,1,0,1,113.69999999999997,28.625,159.7,27.34285714285714,12,2024,1029
Mombasa,2024-04-15,35.56,26.228571428571428,70.7,35.56,36.11,42.775,60.0,59.0,36.2525,1.0508211075166511,47.639375,17.160572842066102,53.190138888888896,16.605624738586457,4,1,0,0,0,1,174.29999999999998,27.939285714285717,214.7,27.494642857142857,16,2024,1057
Mombasa,2024-04-22,33.89,26.414285714285715,154.4,35.56,35.56,37.78,75.0,76.66666666666667,35.28,0.9622542976448181,42.500625,13.578261628031957,49.625416666666666,15.673009726964228,4,1,0,0,0,1,296.4,27.375,361.6,27.675,17,2024,1064
Mombasa,2024-04-29,34.44,28.385714285714283,0.1,33.89,35.56,36.11,75.0,64.0,34.862500000000004,0.836117017330283,37.430625,3.658833183933947,47.16208333333333,15.530695918718424,4,1,0,0,0,1,279.0,27.22142857142857,348.1,28.05178571428571,18,2024,1071
Mombasa,2024-05-13,32.78,27.771428571428572,1.8,34.44,33.89,35.56,43.33,56.5,34.167500000000004,1.1569320060700765,36.111875000000005,3.0850398671884087,45.18541666666667,15.742209539141657,5,0,0,0,0,1,227.0,27.2,340.7,27.912499999999998,20,2024,1085
Mombasa,2024-05-20,32.78,26.771428571428572,42.6,32.78,34.44,35.56,42.775,60.0,33.472500000000004,0.8305570419921255,34.862500000000004,1.7253964347771826,42.91708333333333,15.370181352560747,5,0,0,0,0,1,198.89999999999998,27.335714285714285,373.20000000000005,27.6375,21,2024,1092
Mombasa,2024-06-10,32.22,26.842857142857145,3.1,32.78,32.78,33.89,37.78,75.0,33.055,0.9603298044609824,34.167500000000004,1.4854412523841634,39.35208333333333,11.798576851455307,6,0,0,0,0,1,47.59999999999997,27.442857142857143,344.0,27.40892857142857,24,2024,1113
Mombasa,2024-06-17,32.22,25.657142857142855,45.9,32.22,32.78,34.44,36.11,75.0,32.5,0.3233161507504736,33.68125,1.3925150678842244,35.787083333333335,3.8001497927015655,6,0,0,0,0,1,93.39999999999998,26.760714285714286,372.4,26.991071428571427,25,2024,1120
Mombasa,2024-07-01,27.78,25.785714285714285,8.3,32.22,32.22,32.78,35.56,43.33,31.25,2.328347053169445,32.70875,2.3084530225113284,34.49125,3.6421784970736257,7,0,0,0,0,1,99.89999999999998,26.264285714285712,326.9,26.732142857142858,27,2024,1134
Mombasa,2024-07-22,32.22,25.385714285714283,8.0,27.78,32.22,32.78,35.56,42.775,31.11,2.22000000000064,32.29125,2.0006244560847786,33.61166666666667,2.57918533062225,7,0,0,0,0,1,65.29999999999997,25.91785714285714,264.2,26.626785714285713,30,2024,1155
Mombasa,2025-03-31,47.22,26.857142857142858,61.7,32.22,27.78,32.22,33.89,37.78,34.86,8.501670424099174,33.9575,5.683534488829395,34.39833333333333,4.607896055751052,3,1,1,1,0,1,123.89999999999998,25.92142857142857,171.5,26.682142857142857,14,2025,1407
Mombasa,2025-08-04,44.305,24.385714285714283,11.1,47.22,32.22,32.22,34.44,36.11,37.881249999999994,9.355244852487958,35.190625,6.769586628812649,35.081250000000004,5.420294408726594,8,1,0,1,0,1,89.09999999999997,25.603571428571428,182.5,26.182142857142857,32,2025,1533
Mombasa,2025-08-11,42.78,25.014285714285712,6.7,44.305,47.22,27.78,32.78,35.56,41.631249999999994,6.5389682863585,36.440625,7.172154705874596,35.68291666666667,5.861065858052126,8,1,0,1,0,1,87.49999999999997,25.410714285714285,187.4,25.8375,33,2025,1540
Nairobi,2021-05-24,29.344814814814818,17.857142857142858,12.799999999999999,,,,,,29.344814814814818,,29.344814814814818,,29.344814814814818,,5,0,0,0,0,1,12.799999999999999,17.857142857142858,12.799999999999999,17.857142857142858,21,2021,0
Nairobi,2021-06-14,28.1275,17.285714285714285,3.3,29.344814814814818,,,,,28.73615740740741,0.8607715603944043,28.73615740740741,0.8607715603944043,28.73615740740741,0.8607715603944043,6,0,0,0,0,1,16.099999999999998,17.57142857142857,16.099999999999998,17.57142857142857,24,2021,21
Nairobi,2021-06-28,35.334,16.785714285714285,2.0,28.1275,29.344814814814818,,,,30.93543827160494,3.8575863954639074,30.93543827160494,3.8575863954639074,30.93543827160494,3.8575863954639074,6,0,0,0,0,1,18.099999999999998,17.30952380952381,18.099999999999998,17.30952380952381,26,2021,35
Nairobi,2021-07-05,28.223333333333333,16.12857142857143,3.4,35.334,28.1275,,,,30.25741203703704,3.4292166498139864,30.25741203703704,3.4292166498139864,30.25741203703704,3.4292166498139864,7,0,0,0,0,1,21.5,17.014285714285712,21.5,17.014285714285712,27,2021,42
Nairobi,2021-07-19,40.0,17.114285714285717,1.2,28.223333333333333,35.334,29.344814814814818,,,32.92120833333333,5.801738940108101,32.20592962962964,5.272878641381315,32.20592962962964,5.272878641381315,7,0,0,0,0,1,9.9,16.82857142857143,22.7,17.034285714285716,29,2021,56
Nairobi,2021-07-26,27.78,16.12857142857143,1.3,40.0,28.223333333333333,28.1275,,,32.83433333333333,5.899229290527893,31.468274691358022,5.050485935147935,31.468274691358022,5.050485935147935,7,0,0,0,0,1,7.9,16.539285714285718,24.0,16.883333333333336,30,2021,63
Nairobi,2021-08-02,35.0,16.514285714285712,1.7,27.78,40.0,35.334,,,32.75083333333333,5.854246559359947,31.972806878306876,4.799796097538348,31.972806878306876,4.799796097538348,8,1,0,1,0,1,7.6,16.47142857142857,25.7,16.83061224489796,31,2021,70
Nairobi,2021-08-09,32.5,16.771428571428572,37.0,35.0,27.78,28.223333333333333,,,33.82,5.092766111521976,32.03870601851852,4.447655023906764,32.03870601851852,4.447655023906764,8,1,0,1,0,1,41.2,16.63214285714286,62.7,16.823214285714286,32,2021,77
Nairobi,2021-08-16,31.235,17.157142857142855,10.7,32.5,35.0,40.0,29.344814814814818,,31.62875,3.0051244427921238,32.27497916666667,4.332827186958148,31.94940534979424,4.169016945891936,8,1,0,1,0,1,50.7,16.642857142857142,60.60000000000001,16.735714285714284,33,2021,84
Nairobi,2021-08-30,40.0,18.342857142857145,5.5,31.235,32.5,27.78,28.1275,,34.68375,3.8740662853561663,33.75904166666667,4.724836677911366,32.75446481481482,4.683024724835702,8,1,0,1,0,1,54.900000000000006,17.19642857142857,62.8,16.867857142857144,35,2021,98
Nairobi,2021-09-13,37.04,18.785714285714285,3.2,40.0,31.235,35.0,35.334,,35.19375,4.0594198579764225,33.97229166666667,4.843094653567356,33.144058922558926,4.626798868846414,9,1,0,1,0,1,56.4,17.764285714285712,64.0,17.117857142857144,37,2021,112
Nairobi,2021-09-20,49.74571428571429,18.62857142857143,2.5,37.04,40.0,32.5,28.223333333333333,,39.50517857142857,7.737061865981631,36.66258928571428,6.782726903498993,34.52753020282187,6.513759737696679,9,1,0,1,0,1,21.9,18.228571428571428,63.1,17.430357142857144,38,2021,119
Nairobi,2021-09-27,33.082499999999996,19.771428571428572,2.1,49.74571428571429,37.04,31.235,40.0,29.344814814814818,39.96705357142857,7.108399053705246,35.79790178571429,6.73726251072295,34.83900396825397,6.33018100947699,9,1,0,1,0,1,13.3,18.882142857142856,64.0,17.7625,39,2021,126
Nairobi,2021-10-04,40.0,20.2,2.9000000000000004,33.082499999999996,49.74571428571429,40.0,27.78,28.1275,39.96705357142857,7.108399053705246,37.32540178571429,6.005233114612779,35.828378968253965,6.109815854809405,10,0,1,0,0,1,10.700000000000001,19.34642857142857,65.60000000000001,18.271428571428572,40,2021,133
Nairobi,2021-10-11,32.0,19.957142857142856,6.8999999999999995,40.0,33.082499999999996,37.04,35.0,35.334,38.707053571428574,8.167902858550514,36.95040178571429,6.259474921385511,35.55054563492064,6.209334074992321,10,0,1,0,0,1,14.399999999999999,19.639285714285712,70.80000000000001,18.701785714285712,41,2021,140
Nairobi,2021-10-18,27.0,19.914285714285715,7.8999999999999995,32.0,40.0,49.74571428571429,32.5,28.223333333333333,33.020624999999995,5.354285034359557,36.26290178571429,7.067939219593098,35.44860119047619,6.349038615188911,10,0,1,0,0,1,19.799999999999997,19.960714285714285,41.7,19.09464285714286,42,2021,147
Nairobi,2021-10-25,27.5,20.057142857142857,8.9,27.0,32.0,33.082499999999996,31.235,40.0,31.625,6.019066926581458,35.79602678571429,7.5541400843446835,34.406934523809525,6.556449989668953,10,0,1,0,0,1,26.599999999999998,20.032142857142855,39.900000000000006,19.45714285714286,43,2021,154
Nairobi,2021-11-01,33.0,20.328571428571426,2.1999999999999997,27.5,27.0,40.0,40.0,27.78,29.875,3.0652623596249438,34.92102678571429,7.401492145867053,34.84193452380953,6.242449291371274,11,0,1,0,0,1,25.9,20.064285714285713,36.60000000000001,19.705357142857142,44,2021,161
Nairobi,2021-11-08,34.0,19.957142857142856,10.2,33.0,27.5,32.0,37.04,35.0,30.375,3.637192140465883,34.54102678571429,7.355053119692266,34.75860119047619,6.246820576196012,11,0,1,0,0,1,29.2,20.064285714285713,43.6,19.851785714285715,45,2021,168
Nairobi,2021-11-15,35.0,19.785714285714285,8.7,34.0,33.0,27.0,49.74571428571429,32.5,32.375,3.3509948771471936,32.6978125,4.149462408704289,34.96693452380953,6.206203649555606,11,0,1,0,0,1,29.999999999999996,20.03214285714286,49.8,19.99642857142857,46,2021,175
Nairobi,2021-11-22,33.0,19.728571428571428,19.299999999999997,35.0,34.0,27.5,33.082499999999996,31.235,33.75,0.957427107756344,32.6875,4.148472180040675,35.11401785714286,6.130167543201629,11,0,1,0,0,1,40.39999999999999,19.949999999999996,67.0,19.991071428571427,47,2021,182
Nairobi,2021-11-29,33.332499999999996,17.728571428571428,28.2,33.0,35.0,33.0,40.0,40.0,33.833124999999995,0.8820746732372927,31.854062499999998,2.972617274359655,34.558392857142856,5.946464571280601,11,0,1,0,0,1,66.39999999999999,19.299999999999997,92.3,19.682142857142853,48,2021,189
Nairobi,2021-12-13,32.5,18.157142857142855,22.9,33.332499999999996,33.0,34.0,32.0,37.04,33.458124999999995,1.0833654642671118,31.916562499999998,2.981367416825229,34.180059523809526,5.918582628866879,12,0,0,0,0,1,79.1,18.849999999999998,108.30000000000001,19.45714285714286,50,2021,203
Nairobi,2021-12-20,35.0,18.514285714285712,31.4,32.5,33.332499999999996,35.0,27.0,49.74571428571429,33.458124999999995,1.0833654642671118,32.9165625,2.3771189560579424,32.95125,3.378929950980967,12,0,0,0,0,1,101.79999999999998,18.532142857142855,131.8,19.282142857142855,51,2021,210
Nairobi,2022-01-03,36.5,19.0,4.5,35.0,32.5,33.0,27.5,33.082499999999996,34.333124999999995,1.7796691815709245,34.0415625,1.3591876102368792,33.236041666666665,3.531571479064571,1,0,0,0,0,1,87.0,18.349999999999998,127.39999999999999,19.15,1,2022,224
Nairobi,2022-01-10,35.0,19.12857142857143,0.8,36.5,35.0,33.332499999999996,33.0,40.0,34.75,1.65831239517769,34.2915625,1.3237115956252967,32.819375,2.899358103921037,1,0,0,0,0,1,59.599999999999994,18.7,126.0,19.0,2,2022,231
Nairobi,2022-01-17,34.443333333333335,18.857142857142858,16.5,35.0,36.5,32.5,34.0,32.0,35.23583333333333,0.8826868703628987,34.346979166666664,1.3190334317023298,33.02298611111111,2.922287818340929,1,0,0,0,0,1,53.2,18.875,132.3,18.8625,3,2022,238
Nairobi,2022-01-24,35.0,19.685714285714287,0.4,34.443333333333335,35.0,35.0,35.0,27.0,35.23583333333333,0.8826868703628987,34.346979166666664,1.3190334317023298,33.68965277777778,2.261060007131634,1,0,0,0,0,1,22.2,19.167857142857144,124.0,18.85,4,2022,245
Nairobi,2022-01-31,37.5,20.042857142857144,6.6000000000000005,35.0,34.443333333333335,36.5,33.0,27.5,35.48583333333333,1.368179041240149,34.909479166666664,1.5935083422453655,34.522986111111116,1.4804767974437736,1,0,0,0,0,1,24.3,19.42857142857143,111.3,18.889285714285716,5,2022,252
Nairobi,2022-02-07,33.89,20.228571428571428,0.7,37.5,35.0,35.0,33.332499999999996,33.0,35.208333333333336,1.5935669284832366,34.97916666666667,1.5254276007334404,34.59715277777778,1.4182288382586108,2,0,1,1,0,1,24.2,19.70357142857143,83.8,19.201785714285716,6,2022,259
Nairobi,2022-02-14,32.5,21.285714285714285,0.6,33.89,37.5,34.443333333333335,32.5,34.0,34.722500000000004,2.115346701291928,34.97916666666667,1.5254276007334404,34.47215277777778,1.536793052480784,2,0,1,1,0,1,8.3,20.310714285714283,61.50000000000001,19.59285714285714,7,2022,266
Nairobi,2022-02-21,33.33,19.7,7.5,32.5,33.89,35.0,35.0,35.0,34.305,2.205213519518386,34.77041666666667,1.6326669559003464,34.33298611111111,1.5600857695573713,2,0,1,1,0,1,15.4,20.314285714285713,37.60000000000001,19.741071428571427,8,2022,273
Nairobi,2022-02-28,31.665,20.414285714285715,0.2,33.33,32.5,37.5,36.5,33.0,32.84625,0.9727399018580231,34.16604166666667,1.7884235182292705,34.221736111111106,1.7046813314249498,2,0,1,1,0,1,9.0,20.40714285714286,33.30000000000001,19.917857142857144,9,2022,280
Nairobi,2022-03-07,31.0,21.142857142857142,0.0,31.665,33.33,33.89,35.0,33.332499999999996,32.12375,1.0115777692958046,33.66604166666667,2.060427975557581,34.02736111111111,1.9329860527086842,3,1,1,1,0,1,8.299999999999999,20.635714285714286,32.500000000000014,20.169642857142858,10,2022,287
Nairobi,2022-03-14,32.5,21.571428571428573,0.1,31.0,31.665,32.5,34.443333333333335,32.5,32.12375,1.0115777692958046,33.423125,2.0702293480606007,34.02736111111111,1.9329860527086842,3,1,1,1,0,1,7.8,20.707142857142856,16.10000000000001,20.50892857142857,11,2022,294
Nairobi,2022-03-21,34.582499999999996,21.071428571428573,2.7,32.5,31.0,33.33,35.0,35.0,32.436875,1.5565016530134,33.3709375,2.0296647935329446,33.99256944444444,1.9175840182274273,3,1,1,1,0,1,3.0,21.05,18.400000000000006,20.682142857142857,12,2022,301
Nairobi,2022-03-28,35.0,19.428571428571427,18.0,34.582499999999996,32.5,31.665,37.5,36.5,33.270624999999995,1.8673827216633232,33.0584375,1.3969462469845666,33.86756944444444,1.7834751946667329,3,1,1,1,0,1,20.8,20.80357142857143,29.800000000000004,20.60535714285714,13,2022,308
Nairobi,2022-04-04,38.89,19.67142857142857,5.1,35.0,34.582499999999996,31.0,33.89,35.0,35.243125,2.665831151661073,33.6834375,2.502879390928718,34.19173611111111,2.2897007120581603,4,1,0,0,0,1,25.9,20.435714285714287,34.2,20.535714285714285,14,2022,315
Nairobi,2022-04-11,38.6125,20.385714285714283,16.3,38.89,35.0,32.5,32.5,34.443333333333335,36.771249999999995,2.295448848627761,34.4475,2.9779100413353206,34.53916666666667,2.6233458713265523,4,1,0,0,0,1,42.1,20.139285714285712,49.900000000000006,20.423214285714284,15,2022,322
Nairobi,2022-04-18,47.5,19.25714285714286,33.9,38.6125,38.89,34.582499999999996,33.33,35.0,40.000625,5.304314429075601,36.21875,5.42607428467923,35.58083333333333,4.577130692779918,4,1,0,0,0,1,73.30000000000001,19.685714285714287,76.30000000000001,20.367857142857144,16,2022,329
Nairobi,2022-04-25,50.0,18.657142857142855,31.5,47.5,38.6125,35.0,31.665,37.5,43.750625,5.863403581751756,38.510625000000005,6.899903305481908,36.622499999999995,6.191340818947364,4,1,0,0,0,1,86.80000000000001,19.49285714285714,107.6,20.148214285714282,17,2022,336
Nairobi,2022-05-02,38.89,18.271428571428572,18.0,50.0,47.5,38.89,31.0,33.89,43.750625,5.863403581751756,39.496875,6.201538799535406,37.03916666666667,6.158891423024624,5,0,0,0,0,1,99.69999999999999,19.142857142857142,125.6,19.78928571428571,18,2022,343
Nairobi,2022-05-09,46.888,19.2,1.5,38.89,50.0,38.6125,32.5,32.5,45.8195,4.8118022611074895,41.295375,5.964289388578872,38.238166666666665,6.580934246792502,5,0,0,0,0,1,84.9,18.84642857142857,127.0,19.492857142857144,19,2022,350
Nairobi,2022-05-16,51.53,18.642857142857142,2.7,46.888,38.89,47.5,34.582499999999996,33.33,46.827,5.632815400253446,43.4138125,6.242617056156957,39.75483333333333,7.393947470530892,5,0,0,0,0,1,53.7,18.692857142857143,127.0,19.189285714285713,20,2022,357
Nairobi,2022-05-30,55.56,17.885714285714286,7.4,51.53,46.888,50.0,35.0,31.665,48.217,7.156693556850511,45.9838125,6.510324810513933,41.74608333333333,8.191747634699617,5,0,0,0,0,1,29.6,18.5,116.4,18.996428571428574,22,2022,371
Nairobi,2022-06-06,55.18833333333333,18.02857142857143,4.5,55.56,51.53,38.89,38.89,31.0,52.291583333333335,4.035361614664751,48.02110416666667,6.523439860274299,43.76177777777778,8.28257487056609,6,0,0,0,0,1,16.1,18.439285714285713,115.80000000000001,18.791071428571428,23,2022,378
Nairobi,2022-06-13,55.18833333333333,17.642857142857142,1.4000000000000001,55.18833333333333,55.56,46.888,38.6125,32.5,54.36666666666667,1.899209874696992,50.09308333333333,5.686945370131286,45.65247222222222,8.064813240879818,6,0,0,0,0,1,16.0,18.049999999999997,100.9,18.448214285714286,24,2022,385
Nairobi,2022-06-20,55.56,17.214285714285715,4.300000000000001,55.18833333333333,55.18833333333333,51.53,47.5,34.582499999999996,55.37416666666667,0.21458185004494829,51.10058333333333,5.872844044129489,47.400597222222224,7.713016555220401,6,0,0,0,0,1,17.6,17.692857142857143,71.30000000000001,18.192857142857143,25,2022,392
Nairobi,2022-06-27,67.556,16.52857142857143,1.2000000000000002,55.56,55.18833333333333,55.56,50.0,35.0,58.37316666666667,6.124395519680256,53.29508333333333,8.215620071952406,50.11359722222222,8.62627007702114,6,0,0,0,0,1,11.4,17.353571428571428,41.00000000000001,17.926785714285714,26,2022,399
Nairobi,2022-07-04,68.88857142857144,16.185714285714287,2.6,67.556,55.56,55.18833333333333,38.89,38.89,61.7982261904762,7.439334746769212,57.04490476190476,7.517940935173847,52.61347817460318,9.390883172661251,7,0,0,0,0,1,9.500000000000002,16.892857142857146,25.60000000000001,17.666071428571428,27,2022,406
Nairobi,2022-07-11,66.11,16.585714285714285,4.4,68.88857142857144,67.556,55.18833333333333,46.888,38.6125,64.52864285714287,6.085806260762428,59.447654761904765,6.850063901335644,54.904936507936505,9.011078486584077,7,0,0,0,0,1,12.500000000000002,16.62857142857143,28.500000000000007,17.339285714285715,28,2022,413
Nairobi,2022-07-18,67.03666666666668,16.4,2.7,66.11,68.88857142857144,55.56,51.53,47.5,67.39780952380953,1.159924252745152,61.3859880952381,6.473135517988262,56.53299206349206,9.311448982345887,7,0,0,0,0,1,10.900000000000002,16.425,28.50000000000001,17.05892857142857,29,2022,420
Nairobi,2022-07-25,63.332857142857144,17.0,4.1,67.03666666666668,66.11,67.556,55.56,50.0,66.34202380952381,2.314904789331763,62.357595238095236,6.042780607846987,57.64406349206349,9.256340955957997,7,0,0,0,0,1,13.8,16.542857142857144,25.200000000000006,16.948214285714286,30,2022,427
Nairobi,2022-08-01,68.14666666666666,15.928571428571429,9.799999999999999,63.332857142857144,67.03666666666668,68.88857142857144,55.18833333333333,38.89,66.15654761904761,2.058363261415793,63.9773869047619,5.564320183362294,60.082119047619045,7.566305235579493,8,1,0,1,0,1,21.0,16.478571428571428,30.500000000000007,16.685714285714287,31,2022,434
Nairobi,2022-08-08,65.56,16.314285714285713,6.1,68.14666666666666,63.332857142857144,66.11,55.18833333333333,46.888,66.01904761904763,2.080757500590526,65.27384523809523,4.285230141644893,61.63811904761906,6.442807789827281,8,1,0,1,0,1,22.700000000000003,16.410714285714285,35.20000000000001,16.51964285714286,32,2022,441
Nairobi,2022-08-15,72.22,17.62857142857143,5.5,65.56,68.14666666666666,67.03666666666668,55.56,51.53,67.31488095238095,3.816114128379006,67.35634523809523,2.6114639636664747,63.36228571428571,6.257625310984715,8,1,0,1,0,1,25.5,16.717857142857145,36.400000000000006,16.571428571428573,33,2022,448
Nairobi,2022-08-22,68.14666666666666,16.557142857142857,4.0,72.22,65.56,63.332857142857144,67.556,55.56,68.51833333333333,2.7525954082427186,67.43017857142857,2.626223341669808,64.4111746031746,5.874051132463763,8,1,0,1,0,1,25.4,16.607142857142858,39.2,16.575,34,2022,455
Nairobi,2022-08-29,71.48,17.357142857142858,1.5,68.14666666666666,72.22,68.14666666666666,68.88857142857144,55.18833333333333,69.35166666666666,3.0868484467706985,67.75410714285715,2.96922427110344,65.76881349206349,5.413271023776353,8,1,0,1,0,1,17.1,16.964285714285715,38.1,16.72142857142857,35,2022,462
Nairobi,2022-09-05,70.55499999999999,17.2,13.799999999999999,71.48,68.14666666666666,65.56,66.11,55.18833333333333,70.60041666666666,1.7719733585273125,68.30973214285714,3.0328253866124855,67.04936904761905,4.406830292280026,9,1,0,1,0,1,24.799999999999997,17.185714285714287,47.5,16.798214285714288,36,2022,469
Nairobi,2022-09-12,67.06428571428572,17.571428571428573,3.4,70.55499999999999,71.48,72.22,67.03666666666668,55.56,69.31148809523809,2.0538981831132723,68.31318452380953,3.0311844579793172,68.00805952380952,2.533184444338509,9,1,0,1,0,1,22.7,17.17142857142857,48.20000000000001,16.944642857142856,37,2022,476
Nairobi,2022-09-19,65.43333333333334,18.714285714285715,3.2,67.06428571428572,70.55499999999999,68.14666666666666,63.332857142857144,67.556,68.63315476190476,2.8576344641544074,68.57574404761905,2.5982119279432476,67.83117063492064,2.6395013081698417,9,1,0,1,0,1,21.9,17.71071428571429,47.300000000000004,17.15892857142857,38,2022,483
Nairobi,2022-09-26,66.03428571428572,19.085714285714285,1.9,65.43333333333334,67.06428571428572,71.48,68.14666666666666,68.88857142857144,67.27172619047619,2.2901139483126314,68.31169642857144,2.7508977874186216,67.59331349206349,2.6640438409037106,9,1,0,1,0,1,22.299999999999997,18.142857142857142,39.400000000000006,17.553571428571427,39,2022,490
Nairobi,2022-10-03,65.695,19.3,4.0,66.03428571428572,65.43333333333334,70.55499999999999,65.56,66.11,66.05672619047618,0.7153424029086187,68.32857142857142,2.7319553253264917,67.55873015873016,2.6876391898654424,10,0,1,0,0,1,12.5,18.667857142857144,37.30000000000001,17.926785714285714,40,2022,497
Nairobi,2022-10-10,68.51777777777778,19.25714285714286,0.5,65.695,66.03428571428572,67.06428571428572,72.22,67.03666666666668,66.4200992063492,1.4199276022481915,67.86579365079365,2.2495820513492313,67.68215608465609,2.695482130924629,10,0,1,0,0,1,9.6,19.089285714285715,32.30000000000001,18.130357142857143,41,2022,504
Nairobi,2022-10-17,66.67,19.714285714285715,4.5,68.51777777777778,65.695,65.43333333333334,68.14666666666666,63.332857142857144,66.72926587301588,1.2589665860387518,67.68121031746031,2.283568654194743,67.96025132275132,2.3568445433485876,10,0,1,0,0,1,10.9,19.339285714285715,32.80000000000001,18.525000000000002,42,2022,511
Nairobi,2022-10-24,71.10857142857142,20.957142857142856,5.8,66.67,68.51777777777778,66.03428571428572,71.48,68.14666666666666,67.99783730158731,2.3814012992791875,67.63478174603175,2.197451667753002,68.20707671957672,2.5270891214755413,10,0,1,0,0,1,14.8,19.807142857142857,37.10000000000001,18.975,43,2022,518
Nairobi,2022-10-31,73.33,18.442857142857143,31.4,71.10857142857142,66.67,65.695,70.55499999999999,65.56,69.90658730158731,2.9194068803661057,67.98165674603175,2.8472245886952803,68.85457671957673,2.7708585227565505,10,0,1,0,0,1,42.2,19.59285714285714,54.7,19.130357142857143,44,2022,525
Nairobi,2022-11-07,68.221,18.771428571428572,22.0,73.33,71.10857142857142,68.51777777777778,67.06428571428572,72.22,69.83239285714286,2.9698037530499968,68.12624603174604,2.8232524835293753,68.52132671957672,2.5619045709576898,11,0,1,0,0,1,63.7,19.47142857142857,73.30000000000001,19.280357142857145,45,2022,532
Nairobi,2022-11-14,67.776,17.599999999999998,40.2,68.221,73.33,66.67,65.43333333333334,68.14666666666666,70.10889285714285,2.60649298195164,68.41907936507937,2.6180735745657437,68.49043783068784,2.569057089493056,11,0,1,0,0,1,99.4,18.942857142857143,110.30000000000001,19.14107142857143,46,2022,539
Nairobi,2022-11-21,68.75125,18.085714285714285,23.0,67.776,68.221,71.10857142857142,66.03428571428572,71.48,69.5195625,2.571381781381802,68.75869990079366,2.434294394700245,68.2630419973545,2.3952724700408217,11,0,1,0,0,1,116.60000000000001,18.225,131.4,19.01607142857143,47,2022,546
Nairobi,2022-11-28,70.36833333333333,18.014285714285712,24.099999999999998,68.75125,67.776,73.33,65.695,70.55499999999999,68.77914583333333,1.1319781243273523,69.34286656746032,2.1365921313408722,68.24748644179894,2.379589511637423,11,0,1,0,0,1,109.3,18.11785714285714,151.5,18.85535714285714,48,2022,553
Nairobi,2022-12-05,67.77777777777777,18.37142857142857,18.799999999999997,70.36833333333333,68.75125,68.221,68.51777777777778,67.06428571428572,68.66834027777777,1.2228686422668802,69.25036656746032,2.192697717381956,68.30694411375661,2.356136058219366,12,0,0,0,0,1,106.1,18.017857142857142,169.8,18.744642857142857,49,2022,560
Nairobi,2022-12-12,69.112,18.485714285714288,9.4,67.77777777777777,70.36833333333333,67.776,66.67,65.43333333333334,69.00234027777778,1.0709126834148779,69.55561656746032,1.9372622856276984,68.61349966931216,2.1810737291560898,12,0,0,0,0,1,75.3,18.239285714285714,174.7,18.59107142857143,50,2022,567
Nairobi,2022-12-19,66.66499999999999,19.24285714285714,6.9,69.112,67.77777777777777,68.75125,71.10857142857142,66.03428571428572,68.48077777777777,1.6075411251763292,69.00017013888889,2.061439358538922,68.6660591931217,2.1200142586388617,12,0,0,0,0,1,59.199999999999996,18.52857142857143,175.8,18.376785714285713,51,2022,574
Nairobi,2022-12-26,63.774,18.228571428571428,7.1000000000000005,66.66499999999999,69.112,70.36833333333333,73.33,65.695,66.83219444444444,2.270987190166167,67.80567013888889,1.9602299900404452,68.50597585978836,2.4165451552652004,12,0,0,0,0,1,42.199999999999996,18.582142857142856,151.5,18.349999999999998,52,2022,581
Nairobi,2023-01-02,65.1,17.87142857142857,8.8,63.774,66.66499999999999,67.77777777777777,68.221,68.51777777777778,66.16274999999999,2.2938973204274755,67.41554513888889,2.16557756000967,68.22116104497354,2.6087909754438363,1,0,0,0,0,1,32.2,18.457142857142856,138.3,18.237499999999997,1,2023,588
Nairobi,2023-01-09,61.16636363636364,19.099999999999998,2.0,65.1,63.774,69.112,67.776,66.67,64.17634090909091,2.3286914477477185,66.58934059343434,3.077325214163587,67.76252468133718,3.298809592587479,1,0,0,0,0,1,24.800000000000004,18.610714285714284,100.10000000000001,18.424999999999997,2,2023,595
Nairobi,2023-01-16,59.5375,19.8,0.0,61.16636363636364,65.1,66.66499999999999,68.75125,71.10857142857142,62.394465909090904,2.5095496556840433,65.43762184343434,3.79346182183969,66.79826872895623,3.87299648713688,1,0,0,0,0,1,17.900000000000002,18.75,77.10000000000001,18.639285714285712,3,2023,602
Nairobi,2023-01-23,58.778,19.742857142857144,0.2,59.5375,61.16636363636364,63.774,70.36833333333333,73.33,61.145465909090916,2.8183461927561058,63.98883017676767,3.8541098121724953,65.58560206228955,3.919828282849865,1,0,0,0,0,1,11.0,19.12857142857143,53.20000000000002,18.85535714285714,4,2023,609
Nairobi,2023-01-30,56.11125,20.728571428571428,0.0,58.778,59.5375,65.1,67.77777777777777,68.221,58.898278409090906,2.108301772298117,62.530514204545455,4.386111177495956,64.57645622895622,4.667227251535564,1,0,0,0,0,1,2.2,19.84285714285714,34.40000000000002,19.15,5,2023,616
Nairobi,2023-02-06,52.49875,21.271428571428572,0.0,56.11125,58.778,61.16636363636364,69.112,67.776,56.731375,3.1813351920483766,60.453857954545455,4.743207582036213,63.303352062289555,5.687286372988361,2,0,1,1,0,1,0.2,20.385714285714286,25.000000000000014,19.498214285714283,6,2023,623
Nairobi,2023-02-13,54.03,20.8,0.2,52.49875,56.11125,59.5375,66.66499999999999,68.75125,55.3545,2.7204553004351375,58.874482954545456,4.47562269491015,62.07658122895623,5.985234525468179,2,0,1,1,0,1,0.4,20.635714285714286,18.300000000000015,19.692857142857143,7,2023,630
Nairobi,2023-02-20,55.7795,21.557142857142857,0.1,54.03,52.49875,58.778,63.774,70.36833333333333,54.60487499999999,1.6748286790492102,57.875170454545454,4.102317080092669,60.860845117845116,5.618292065895379,2,0,1,1,0,1,0.30000000000000004,21.089285714285715,11.300000000000015,20.10892857142857,8,2023,637
Nairobi,2023-02-27,63.75,21.47142857142857,3.5,55.7795,54.03,56.11125,65.1,67.77777777777777,56.5145625,5.00638504135374,57.70642045454546,3.777578319252635,60.52519696969697,5.277470171084083,2,0,1,1,0,1,3.8,21.275,6.000000000000014,20.558928571428574,9,2023,644
Nairobi,2023-03-06,64.5825,21.857142857142858,0.2,63.75,55.7795,52.49875,61.16636363636364,69.112,59.5355,5.405314838193832,58.1334375,4.371027998468217,60.14773863636364,4.742337643275976,3,1,1,1,0,1,4.0,21.42142857142857,4.200000000000014,20.903571428571432,10,2023,651
Nairobi,2023-03-13,69.36571428571429,20.485714285714288,7.800000000000001,64.5825,63.75,54.03,59.5375,66.66499999999999,63.36942857142857,5.63260848363615,59.36196428571428,5.926449504732421,60.372798160173154,5.128139725352673,3,1,1,1,0,1,11.600000000000001,21.34285714285714,12.000000000000014,20.989285714285714,11,2023,658
Nairobi,2023-03-20,68.6125,19.014285714285712,46.099999999999994,69.36571428571429,64.5825,55.7795,58.778,63.774,66.57767857142858,2.8219464337877804,60.591276785714285,6.750675617596024,60.776006493506486,5.589353324143988,3,1,1,1,0,1,57.599999999999994,20.707142857142856,57.900000000000006,20.89821428571429,12,2023,665
Nairobi,2023-03-27,68.22200000000001,19.585714285714285,17.6,68.6125,69.36571428571429,63.75,56.11125,65.1,67.69567857142857,2.129043281433013,62.105120535714285,6.957266115724398,61.03617316017317,5.874314161318415,3,1,1,1,0,1,71.69999999999999,20.235714285714284,75.5,20.755357142857143,13,2023,672
Nairobi,2023-04-03,67.59166666666667,18.585714285714285,30.4,68.22200000000001,68.6125,64.5825,52.49875,61.16636363636364,68.44797023809524,0.7424379961609744,63.99173511904762,5.954232342559963,61.571615079365074,6.172522723491298,4,1,0,0,0,1,101.89999999999999,19.417857142857144,105.9,20.419642857142858,14,2023,679
Nairobi,2023-04-10,80.6125,18.728571428571428,28.5,67.59166666666667,68.22200000000001,69.36571428571429,54.03,59.5375,71.25966666666667,6.249389983563484,67.31454761904763,6.937014331920514,63.327865079365075,8.204794109360401,4,1,0,0,0,1,122.6,18.978571428571428,134.2,20.160714285714285,15,2023,686
Nairobi,2023-04-17,58.55166666666667,19.2,32.3,80.6125,67.59166666666667,68.6125,55.7795,58.778,68.74445833333333,9.061738359693143,67.66106845238095,6.320322329001525,63.30900396825397,8.216455994946612,4,1,0,0,0,1,108.8,19.025,166.4,19.86607142857143,16,2023,693
Nairobi,2023-04-24,59.72714285714286,18.400000000000002,65.5,58.55166666666667,80.6125,68.22200000000001,63.75,56.11125,66.62074404761906,10.154533839887977,67.15821130952381,6.816504307927003,63.610328373015875,7.991723846095402,4,1,0,0,0,1,156.7,18.728571428571428,228.4,19.482142857142854,17,2023,700
Nairobi,2023-05-01,61.789,18.485714285714288,37.0,59.72714285714286,58.55166666666667,67.59166666666667,64.5825,52.49875,65.17007738095238,10.381538055842261,66.80902380952381,7.035337365400175,64.38451587301587,7.231256762615235,5,0,0,0,0,1,163.3,18.70357142857143,265.2,19.060714285714287,18,2023,707
Nairobi,2023-05-08,62.71333333333333,18.900000000000002,20.900000000000002,61.789,59.72714285714286,80.6125,69.36571428571429,54.03,60.69528571428572,1.8974658841610441,65.9774761904762,7.082957873442574,65.108126984127,6.49821873264636,5,0,0,0,0,1,155.7,18.746428571428574,278.29999999999995,18.8625,19,2023,714
Nairobi,2023-05-15,62.736666666666665,19.2,6.700000000000001,62.71333333333333,61.789,58.55166666666667,68.6125,55.7795,61.74153571428571,1.4135897172439416,65.24299702380952,7.075328002305446,65.68789087301587,5.870282185384511,5,0,0,0,0,1,130.1,18.746428571428574,238.9,18.885714285714286,20,2023,721
Nairobi,2023-05-22,75.74866666666667,19.085714285714285,8.1,62.736666666666665,62.71333333333333,59.72714285714286,68.22200000000001,63.75,65.74691666666666,6.682423220797175,66.18383035714285,7.97169243014003,66.68777976190476,6.498452944211084,5,0,0,0,0,1,72.7,18.917857142857144,229.40000000000003,18.823214285714286,21,2023,728
Nairobi,2023-05-29,78.11200000000001,18.400000000000002,28.3,75.74866666666667,62.736666666666665,61.789,67.59166666666667,64.5825,69.82766666666667,8.258015087488168,67.49887202380953,9.034060253752962,67.81523809523809,7.232222435997311,5,0,0,0,0,1,64.0,18.896428571428572,227.3,18.8,22,2023,735
Nairobi,2023-06-05,77.31583333333333,18.928571428571427,2.7,78.11200000000001,75.74866666666667,62.71333333333333,80.6125,69.36571428571429,73.47829166666666,7.2280723396823925,67.0867886904762,8.403627634581781,68.47774801587302,7.733902670725359,6,0,0,0,0,1,45.8,18.90357142857143,201.50000000000003,18.825000000000003,23,2023,742
Nairobi,2023-06-12,77.35352941176471,18.8,3.1,77.31583333333333,78.11200000000001,62.736666666666665,58.55166666666667,68.6125,77.13250735294119,0.992787331404563,69.43702153361345,8.30417798190512,69.20616713352008,8.148284594048947,6,0,0,0,0,1,42.2,18.80357142857143,172.3,18.775,24,2023,749
Nairobi,2023-06-19,77.336,18.5,4.0,77.35352941176471,77.31583333333333,75.74866666666667,59.72714285714286,68.22200000000001,77.52934068627451,0.38874477095412574,71.63812867647059,7.672480874175034,69.96566713352007,8.466744971689733,6,0,0,0,0,1,38.1,18.65714285714286,110.8,18.7875,25,2023,756
Nairobi,2023-06-26,75.68111111111111,17.857142857142858,2.8000000000000003,77.336,77.35352941176471,78.11200000000001,61.789,67.59166666666667,76.92161846405229,0.8271483099459881,73.37464256535948,6.625548675314986,70.63978750389045,8.581802294979932,6,0,0,0,0,1,12.600000000000001,18.521428571428572,76.60000000000001,18.708928571428572,26,2023,763
Nairobi,2023-07-03,76.7690909090909,16.557142857142857,3.1,75.68111111111111,77.336,77.31583333333333,62.71333333333333,80.6125,76.78493285799168,0.7843575826078231,75.13161226232917,5.077239008296805,70.31950341298135,8.240713891447307,7,0,0,0,0,1,13.000000000000002,17.928571428571427,58.8,18.416071428571428,27,2023,770
Nairobi,2023-07-10,77.81785714285715,17.442857142857143,0.8,76.7690909090909,75.68111111111111,77.35352941176471,62.736666666666665,58.55166666666667,76.90101479076479,0.9193078789720079,77.01676107185298,0.8943823565481994,71.92501928599724,7.590748988053451,7,0,0,0,0,1,10.7,17.589285714285715,52.900000000000006,18.196428571428573,28,2023,777
Nairobi,2023-07-17,76.39,17.5,0.30000000000000004,77.81785714285715,76.7690909090909,77.336,75.74866666666667,59.72714285714286,76.66451479076478,0.8913614891739318,77.09692773851965,0.78674656139817,73.31359071456866,6.618324892790672,7,0,0,0,0,1,7.0,17.339285714285715,45.1,17.998214285714287,29,2023,784
Nairobi,2023-07-24,73.50538461538461,17.67142857142857,1.9,76.39,77.81785714285715,75.68111111111111,78.11200000000001,61.789,76.12058316683317,1.845097118937729,76.52110081544272,1.3912475495905745,74.28995609918404,5.539983505412168,7,0,0,0,0,1,6.1,17.29285714285714,18.7,17.907142857142855,30,2023,791
Nairobi,2023-07-31,74.584375,17.7,6.8,73.50538461538461,76.39,76.7690909090909,77.31583333333333,62.71333333333333,75.57440418956044,1.911306488082179,76.17966852377606,1.4993182851149307,75.27920957140627,4.177108702976807,7,0,0,0,0,1,9.8,17.57857142857143,22.8,17.75357142857143,31,2023,798
Nairobi,2023-08-07,72.68666666666667,17.514285714285712,2.5999999999999996,74.584375,73.50538461538461,77.81785714285715,77.35352941176471,62.736666666666665,74.29160657051281,1.6003067826609079,75.59631068063881,1.8453164205934078,76.10837623807292,1.7343140153879315,8,1,0,1,0,1,11.6,17.596428571428568,22.299999999999997,17.59285714285714,32,2023,805
Nairobi,2023-08-14,70.00083333333333,18.67142857142857,1.3,72.68666666666667,74.584375,76.39,77.336,75.74866666666667,72.69431490384616,1.956618061031315,74.67941484730548,2.546527408834517,75.62939012696182,2.4772758712583207,8,1,0,1,0,1,12.600000000000001,17.889285714285712,19.599999999999998,17.614285714285714,33,2023,812
Nairobi,2023-08-21,68.22266666666667,19.62857142857143,1.8,70.00083333333333,72.68666666666667,73.50538461538461,75.68111111111111,78.11200000000001,71.37363541666667,2.8193432662549265,73.74710929174992,3.362105322126932,74.80527901585072,3.1341541459974294,8,1,0,1,0,1,12.5,18.37857142857143,18.599999999999998,17.835714285714285,34,2023,819
Nairobi,2023-08-28,69.84142857142857,19.25714285714286,2.2,68.22266666666667,70.00083333333333,74.584375,76.7690909090909,77.31583333333333,70.1878988095238,1.849415520055627,72.88115149954213,3.3647154664246095,74.18241195235865,3.3266624282626873,8,1,0,1,0,1,7.9,18.767857142857142,17.7,18.173214285714284,35,2023,826
Nairobi,2023-09-04,66.38833333333334,19.25714285714286,7.5,69.84142857142857,68.22266666666667,72.68666666666667,77.81785714285715,77.35352941176471,68.61331547619048,1.6868728075932153,71.45246102335165,3.3954916434807076,73.26864561248937,3.8424135469001346,9,1,0,1,0,1,12.8,19.20357142857143,24.4,18.400000000000002,36,2023,833
Nairobi,2023-09-11,66.111,19.17142857142857,8.5,66.38833333333334,69.84142857142857,70.00083333333333,76.39,77.336,67.64085714285714,1.7407178313564469,70.16758602335165,3.199335401961151,72.3332289458227,4.118627611634165,9,1,0,1,0,1,20.0,19.32857142857143,32.6,18.60892857142857,37,2023,840
Nairobi,2023-09-18,66.21384615384615,19.942857142857143,6.3,66.111,66.38833333333334,68.22266666666667,73.50538461538461,75.68111111111111,67.13865201465201,1.80548366398846,69.25614371565933,3.1508631917623786,71.54429019938395,4.320810804077496,9,1,0,1,0,1,24.5,19.40714285714286,37.0,18.892857142857142,38,2023,847
Nairobi,2023-09-25,67.22125,20.085714285714285,5.8,66.21384615384615,66.111,69.84142857142857,74.584375,76.7690909090909,66.48360737179488,0.5049096148708413,68.33575309065934,2.34427462330555,70.74863679029305,4.1468150756883535,9,1,0,1,0,1,28.1,19.614285714285714,36.0,19.19107142857143,39,2023,854
Nairobi,2023-10-02,49.63,19.485714285714288,14.8,67.22125,66.21384615384615,66.38833333333334,72.68666666666667,77.81785714285715,62.294024038461544,8.457528627008479,65.45366975732601,6.579110660556345,68.39964869505495,6.868682754620822,10,0,1,0,0,1,35.4,19.67142857142857,48.2,19.437500000000004,40,2023,861
Nairobi,2023-10-09,45.0,21.557142857142857,4.5,49.63,67.22125,66.111,70.00083333333333,76.39,57.01627403846154,11.367860442668002,62.32856559065934,9.430486891850636,65.78381536172161,9.148043344503636,10,0,1,0,0,1,31.4,20.267857142857146,51.400000000000006,19.798214285714288,41,2023,868
Nairobi,2023-10-16,45.555,19.957142857142856,18.7,45.0,49.63,66.21384615384615,68.22266666666667,73.50538461538461,51.8515625,10.452324172113903,59.495107257326005,10.723290854408162,63.45461664377289,10.466544131179756,10,0,1,0,0,1,43.8,20.271428571428572,68.3,19.839285714285715,42,2023,875
Nairobi,2023-10-23,42.22,20.314285714285713,9.4,45.555,45.0,67.22125,69.84142857142857,74.584375,45.60124999999999,3.056540459953368,56.042428685897434,11.344840354692916,60.7575853937729,11.46053980454646,10,0,1,0,0,1,47.400000000000006,20.32857142857143,75.5,19.97142857142857,43,2023,882
Nairobi,2023-10-30,42.22,19.25714285714286,55.3,42.22,45.555,49.63,66.38833333333334,72.68666666666667,43.74875,1.7797301995898271,53.02138701923077,11.413939275560487,58.21869650488401,11.942176250058836,10,0,1,0,0,1,87.9,20.271428571428572,123.29999999999998,19.97142857142857,44,2023,889
Nairobi,2023-11-06,42.22,18.914285714285715,42.0,42.22,42.22,45.0,66.111,70.00083333333333,43.053749999999994,1.6674999999996272,50.03501201923077,10.596027402024363,55.90362706043956,12.14157505389133,11,0,1,0,0,1,125.4,19.610714285714288,156.79999999999998,19.939285714285717,45,2023,896
Nairobi,2023-11-13,42.22,18.928571428571427,35.1,42.22,42.22,45.555,66.21384615384615,68.22266666666667,42.22,0.0,47.03578125,8.5631038613317,53.73673817155068,12.063221022859505,11,0,1,0,0,1,141.8,19.353571428571428,185.60000000000002,19.8125,46,2023,903
Nairobi,2023-11-20,55.187777777777775,18.442857142857143,58.9,42.22,42.22,42.22,67.22125,69.84142857142857,45.46194444444444,6.483888888888889,45.53159722222222,4.6932866369494235,52.515600605413105,10.977599735609054,11,0,1,0,0,1,191.3,18.885714285714286,238.7,19.607142857142858,47,2023,910
Nairobi,2023-11-27,43.33,19.114285714285717,3.7,55.187777777777775,42.22,42.22,49.63,66.38833333333334,45.739444444444445,6.320585513587163,44.74409722222222,4.42843815092499,50.59407282763533,10.327368637135885,11,0,1,0,0,1,139.7,18.85,227.6,19.560714285714283,48,2023,917
Nairobi,2023-12-04,43.055,19.2,4.1,43.33,55.187777777777775,42.22,45.0,66.111,45.94819444444444,6.177778733263316,44.50097222222222,4.465616838937576,48.67273949430199,9.26854063993238,12,0,0,0,0,1,101.80000000000001,18.92142857142857,227.2,19.26607142857143,49,2023,924
Nairobi,2023-12-11,43.33,19.514285714285712,14.8,43.055,43.33,42.22,45.555,66.21384615384615,46.22569444444444,5.97612844476017,44.22284722222222,4.459876832529099,46.76575231481482,7.520756385827304,12,0,0,0,0,1,81.50000000000001,19.067857142857143,223.3,19.210714285714285,50,2023,931
Nairobi,2023-12-18,55.74333333333334,19.599999999999998,5.8,43.33,43.055,55.187777777777775,42.22,67.22125,46.364583333333336,6.253843762483646,45.91326388888889,5.917089592437136,45.80925925925926,4.985164997507537,12,0,0,0,0,1,28.40000000000001,19.357142857142858,219.7,19.12142857142857,51,2023,938
Nairobi,2024-01-01,45.56,19.97142857142857,23.4,55.74333333333334,43.33,43.33,42.22,49.63,46.92208333333333,5.986849999512824,46.33076388888889,5.73428027538539,45.4700925925926,4.83786422272881,1,0,0,0,0,1,48.10000000000001,19.57142857142857,187.8,19.210714285714285,1,2024,952
Nairobi,2024-01-08,57.03666666666667,19.114285714285717,21.6,45.56,55.74333333333334,43.055,42.22,45.0,50.4175,6.976289141455158,48.18284722222222,6.55144547937833,46.47314814814815,5.869376891259938,1,0,0,0,0,1,65.60000000000001,19.549999999999997,167.4,19.235714285714284,2,2024,959
Nairobi,2024-01-15,46.01333333333333,19.542857142857144,33.6,57.03666666666667,45.56,43.33,42.22,45.555,51.08833333333334,6.147351432090862,48.65701388888888,6.18526632272398,46.51134259259259,5.864348091051059,1,0,0,0,0,1,84.4,19.557142857142857,165.90000000000003,19.3125,3,2024,966
Nairobi,2024-01-22,45.835,20.12857142857143,3.5,46.01333333333333,57.03666666666667,55.74333333333334,55.187777777777775,42.22,48.61125,5.620038779192688,47.48791666666667,5.633841816301708,46.8125925925926,5.714806631332272,1,0,0,0,0,1,82.10000000000002,19.689285714285717,110.50000000000001,19.523214285714285,4,2024,973
Nairobi,2024-01-29,45.52,20.67142857142857,1.7000000000000002,45.835,46.01333333333333,45.56,43.33,42.22,48.60125,5.627308641464079,47.76166666666666,5.453257581846551,47.08759259259259,5.550762044797436,1,0,0,0,0,1,60.40000000000001,19.864285714285714,108.50000000000001,19.71785714285714,5,2024,980
Nairobi,2024-02-05,43.33,20.942857142857143,1.3,45.52,45.835,57.03666666666667,43.055,42.22,45.17458333333333,1.246522106146231,47.79604166666667,5.4201164060523075,47.18009259259259,5.470947412568973,2,0,1,1,0,1,40.10000000000001,20.321428571428573,105.7,19.935714285714287,6,2024,987
Nairobi,2024-02-12,41.11,21.771428571428572,0.3,43.33,45.52,46.01333333333333,43.33,42.22,43.948750000000004,2.1960660850712506,47.518541666666664,5.729437868039828,47.087592592592586,5.570904545922681,2,0,1,1,0,1,6.800000000000007,20.87857142857143,91.2,20.217857142857145,7,2024,994
Nairobi,2024-02-19,39.99,21.142857142857142,19.2,41.11,43.33,45.835,55.74333333333334,55.187777777777775,42.487500000000004,2.4522693571466014,45.549375,5.179575420601267,45.821111111111115,5.282043927035894,2,0,1,1,0,1,22.500000000000007,21.132142857142856,104.60000000000001,20.41071428571429,8,2024,1001
Nairobi,2024-02-26,38.89,21.185714285714287,6.1,39.99,41.11,45.52,45.56,43.33,40.83,1.8971557658769738,44.715624999999996,5.689364272342824,45.45111111111111,5.617276395882862,2,0,1,1,0,1,26.900000000000006,21.260714285714286,87.3,20.5625,9,2024,1008
Nairobi,2024-03-04,36.11,21.24285714285714,3.1,38.89,39.99,43.33,57.03666666666667,43.055,39.025,2.144286983280685,42.09979166666667,3.666257383812964,44.87236111111111,6.212797091989042,3,1,1,1,0,1,28.700000000000006,21.335714285714285,68.80000000000001,20.82857142857143,10,2024,1015
Nairobi,2024-03-11,52.775,21.357142857142858,0.1,36.11,38.89,41.11,46.01333333333333,43.33,41.94125,7.404753400125279,42.94499999999999,5.168853838134534,45.65944444444445,6.586667982967095,3,1,1,1,0,1,28.500000000000007,21.232142857142854,35.3,21.055357142857144,11,2024,1022
Nairobi,2024-03-18,35.835,21.985714285714288,3.5999999999999996,52.775,36.11,39.99,45.835,55.74333333333334,40.902499999999996,8.034384958829575,41.695,5.564162753088294,44.000416666666666,6.317598521054551,3,1,1,1,0,1,12.900000000000006,21.442857142857143,35.4,21.2875,12,2024,1029
Nairobi,2024-03-25,39.0,20.585714285714285,28.7,35.835,52.775,38.89,45.52,45.56,40.93,8.02538368760856,40.88,5.398914573451448,43.45375000000001,6.452753430188255,3,1,1,1,0,1,35.50000000000001,21.292857142857144,62.39999999999999,21.276785714285715,13,2024,1036
Nairobi,2024-04-01,35.56,20.214285714285715,38.4,39.0,35.835,36.11,43.33,57.03666666666667,40.7925,8.139394428743877,39.908750000000005,5.59069683236592,41.664027777777775,5.199621414847616,4,1,0,0,0,1,70.8,21.035714285714285,99.5,21.185714285714283,14,2024,1043
Nairobi,2024-04-08,47.61714285714286,20.24285714285714,27.799999999999997,35.56,39.0,52.775,41.11,46.01333333333333,39.503035714285716,5.630091660030092,40.722142857142856,6.227527517369126,41.79767857142857,5.34028822300153,4,1,0,0,0,1,98.5,20.757142857142856,127.0,20.994642857142857,15,2024,1050
Nairobi,2024-04-15,35.56,19.771428571428572,11.6,47.61714285714286,35.56,35.835,39.99,45.835,39.434285714285714,5.691160827513674,40.16839285714286,6.4932191671819455,40.941428571428574,5.4565737022160405,4,1,0,0,0,1,106.49999999999999,20.20357142857143,119.39999999999999,20.823214285714286,16,2024,1057
Nairobi,2024-04-22,35.63,19.47142857142857,96.4,35.56,47.61714285714286,39.0,38.89,45.52,38.59178571428571,6.016995247024993,39.76089285714286,6.684390532106275,40.117261904761904,5.44904588023857,4,1,0,0,0,1,174.2,19.924999999999997,209.7,20.60892857142857,17,2024,1064
Nairobi,2024-04-29,33.33,19.74285714285714,32.7,35.63,35.56,35.56,36.11,43.33,38.034285714285716,6.4772456773404965,39.41339285714286,6.967566205392547,39.28392857142857,5.673102532736044,4,1,0,0,0,1,168.5,19.807142857142857,239.3,20.42142857142857,18,2024,1071
Nairobi,2024-05-06,36.6,19.071428571428573,26.799999999999997,33.33,35.63,47.61714285714286,52.775,41.11,35.28,1.3839315975390583,37.39151785714286,4.416004295890574,38.908095238095235,5.690494012723394,5,0,0,0,0,1,167.5,19.514285714285712,266.0,20.135714285714286,19,2024,1078
Nairobi,2024-05-13,36.3975,19.62857142857143,5.6,36.6,33.33,35.56,35.835,39.99,35.489375,1.498983509749303,37.46183035714286,4.392094041224729,38.60872023809524,5.722809299361654,5,0,0,0,0,1,161.5,19.478571428571428,268.0,19.84107142857143,20,2024,1085
Nairobi,2024-05-20,35.555,19.285714285714285,17.8,36.3975,36.6,35.63,39.0,38.89,35.470625,1.4971060625421095,37.03120535714286,4.388621057501943,38.33080357142857,5.788509353964062,5,0,0,0,0,1,82.9,19.432142857142857,257.1,19.678571428571427,21,2024,1092
Nairobi,2024-05-27,38.33,19.357142857142858,0.7000000000000001,35.555,36.3975,33.33,35.56,36.11,36.720625,1.164435440818273,37.37745535714286,4.3651750631868,38.51580357142857,5.746402654096508,5,0,0,0,0,1,50.9,19.335714285714285,219.4,19.571428571428573,22,2024,1099
Nairobi,2024-06-03,38.33,19.0,9.1,38.33,35.555,36.6,47.61714285714286,52.775,37.153125,1.401789592806391,36.2165625,1.6326156366278124,37.31205357142857,3.5999273922179253,6,0,0,0,0,1,33.199999999999996,19.317857142857143,200.70000000000002,19.416071428571428,23,2024,1106
Nairobi,2024-06-10,37.78642857142857,18.214285714285715,3.3,38.33,38.33,36.3975,35.56,35.835,37.50035714285714,1.3219765273165094,36.494866071428575,1.693340690620965,37.474672619047624,3.571099327220523,6,0,0,0,0,1,30.899999999999995,18.964285714285715,192.39999999999998,19.22142857142857,24,2024,1113
Nairobi,2024-06-17,32.22,17.77142857142857,12.4,37.78642857142857,38.33,35.555,35.63,39.0,36.666607142857146,2.975458883891389,36.06861607142857,2.2723428114340285,36.90967261904762,3.8344670741234834,6,0,0,0,0,1,25.5,18.585714285714285,108.4,19.00892857142857,25,2024,1120
Nairobi,2024-06-24,34.56888888888889,16.514285714285712,0.7,32.22,37.78642857142857,38.33,33.33,35.56,35.726329365079366,2.8668870218113702,36.22347718253968,2.094281359669587,36.82708002645503,3.876623519419292,6,0,0,0,0,1,25.5,17.875,76.39999999999999,18.605357142857144,26,2024,1127
Nairobi,2024-07-01,27.78,17.95714285714286,27.5,34.56888888888889,32.22,38.33,36.6,47.61714285714286,33.08882936507936,4.210959834790869,35.12097718253968,3.627840530323706,35.17398478835979,2.9839239532229147,7,0,0,0,0,1,43.9,17.614285714285714,77.1,18.46607142857143,27,2024,1134
Nairobi,2024-07-08,36.63307692307693,17.185714285714287,17.900000000000002,27.78,34.56888888888889,37.78642857142857,36.3975,35.56,32.80049145299145,3.801677069985294,35.150424297924296,3.640615851654299,35.263407865282865,3.0124862582641154,7,0,0,0,0,1,58.5,17.357142857142858,89.4,18.160714285714285,28,2024,1141
Nairobi,2024-07-15,32.22,17.614285714285714,3.5,36.63307692307693,27.78,32.22,35.555,35.63,32.80049145299145,3.801677069985294,34.7335492979243,3.7760904460522715,34.9792411986162,3.133176449873002,7,0,0,0,0,1,49.599999999999994,17.317857142857143,75.1,17.951785714285712,29,2024,1148
Nairobi,2024-07-22,37.361875,17.614285714285714,2.6,32.22,36.63307692307693,34.56888888888889,38.33,33.33,33.498737980769235,4.437981641496229,34.6125336729243,3.658034083437801,35.31523078194953,3.1563359169283167,7,0,0,0,0,1,51.5,17.59285714285714,77.0,17.73392857142857,30,2024,1155
Nairobi,2024-07-29,34.44,17.428571428571427,0.8,37.361875,32.22,27.78,38.33,36.6,35.16373798076923,2.322366124374499,34.1262836729243,3.3378177850741073,35.13523078194953,3.1379439939875873,7,0,0,0,0,1,24.8,17.460714285714285,68.7,17.537499999999998,31,2024,1162
Nairobi,2024-08-05,36.95214285714286,17.514285714285712,4.300000000000001,34.44,37.361875,36.63307692307693,37.78642857142857,36.3975,35.243504464285714,2.3940299047012354,34.021997958638586,3.218007554236271,35.18145102004477,3.1622176882782926,8,1,0,1,0,1,11.200000000000001,17.54285714285714,69.7,17.45,32,2024,1169
Nairobi,2024-08-12,41.45153846153846,17.757142857142856,2.2,36.95214285714286,34.44,32.22,32.22,35.555,37.55138907967033,2.9032693541124677,35.17594026633089,4.031788347961149,35.672829225172975,3.6465781592475452,8,1,0,1,0,1,9.900000000000002,17.57857142857143,59.5,17.448214285714286,33,2024,1176
Nairobi,2024-08-19,32.22,17.47142857142857,2.7,41.45153846153846,36.95214285714286,37.361875,34.56888888888889,38.33,36.26592032967033,3.960849788076388,34.88232915521978,4.165618331498351,35.16366255850631,3.668332786836706,8,1,0,1,0,1,10.000000000000002,17.54285714285714,61.5,17.567857142857143,34,2024,1183
Nairobi,2024-08-26,43.62307692307692,18.400000000000002,6.4,32.22,41.45153846153846,34.44,27.78,38.33,38.56168956043956,5.058871276511199,36.862713770604394,4.071658821298505,35.60475230209605,4.3403455710774885,8,1,0,1,0,1,15.600000000000001,17.785714285714285,40.4,17.623214285714283,35,2024,1190
Nairobi,2024-09-02,41.942499999999995,18.0,8.7,43.62307692307692,32.22,36.95214285714286,36.63307692307693,37.78642857142857,39.809278846153845,5.144247865715696,37.526391655219776,4.444524517036995,35.95109158781034,4.682583981368539,9,1,0,1,0,1,20.0,17.90714285714286,31.200000000000003,17.725,36,2024,1197
Nairobi,2024-09-09,31.945,19.042857142857144,0.30000000000000004,41.942499999999995,43.62307692307692,41.45153846153846,32.22,32.22,37.43264423076923,6.216809338594932,37.49201665521978,4.492235755217334,35.92817492114367,4.70313187198627,9,1,0,1,0,1,18.1,18.228571428571428,28.0,17.90357142857143,37,2024,1204
Nairobi,2024-09-16,41.48,19.542857142857144,0.7,31.945,41.942499999999995,32.22,37.361875,34.56888888888889,39.747644230769225,5.282634566939661,38.00678228021978,4.706052025720858,36.504100847069594,4.938795938845424,9,1,0,1,0,1,16.1,18.746428571428574,26.1,18.144642857142856,38,2024,1211
Nairobi,2024-09-23,31.945,19.400000000000002,4.1,41.48,31.945,43.62307692307692,34.44,27.78,36.828125,5.6417075484732715,37.69490728021978,5.046549318025368,36.85118418040293,4.3852917539688,9,1,0,1,0,1,13.799999999999999,18.996428571428574,29.400000000000002,18.39107142857143,39,2024,1218
Nairobi,2024-09-30,31.48,19.52857142857143,13.1,31.945,41.48,41.942499999999995,36.95214285714286,36.63307692307693,34.2125,4.849956185369129,37.010889423076925,5.5110791037853035,36.42176110347985,4.652739369230647,9,1,0,1,0,1,18.2,19.37857142857143,38.2,18.642857142857146,40,2024,1225
Nairobi,2024-10-07,39.29666666666667,19.885714285714283,11.3,31.48,31.945,31.945,41.45153846153846,32.22,36.05041666666666,5.091223453159396,36.74153044871795,5.312101143147926,37.01148332570207,4.518294509816444,10,0,1,0,0,1,29.2,19.589285714285715,47.3,18.90892857142857,41,2024,1232
Nairobi,2024-10-21,34.7975,20.37142857142857,2.0,39.29666666666667,31.48,41.48,32.22,37.361875,34.37979166666666,3.59106029780903,37.063717948717944,5.071397502391564,36.797785409035406,4.560659684118961,10,0,1,0,0,1,30.5,19.79642857142857,46.599999999999994,19.271428571428572,43,2024,1246
Nairobi,2024-11-04,37.225,19.514285714285712,18.9,34.7975,39.29666666666667,31.945,43.62307692307692,34.44,35.69979166666667,3.3607807717602816,36.263958333333335,4.34112241241831,37.02986874236874,4.500230221243925,11,0,1,0,0,1,45.3,19.824999999999996,59.099999999999994,19.410714285714285,45,2024,1260
Nairobi,2024-11-11,42.84,18.214285714285715,41.2,37.225,34.7975,31.48,41.942499999999995,36.95214285714286,38.539791666666666,3.4057830974600796,36.37614583333333,4.516876399485771,37.520523504273505,4.801850696812649,11,0,1,0,0,1,73.4,19.49642857142857,91.6,19.4375,46,2024,1267
Nairobi,2024-11-18,41.39,19.24285714285714,35.2,42.84,37.225,39.29666666666667,31.945,41.45153846153846,39.063125,3.7082517079031994,37.55677083333334,4.42667053117408,37.515395299145304,4.797301565692628,11,0,1,0,0,1,97.30000000000001,19.335714285714282,126.5,19.4625,47,2024,1274
Nairobi,2024-11-25,42.025,18.771428571428572,43.9,41.39,42.84,34.7975,41.48,32.22,40.870000000000005,2.5014229283883593,37.62489583333333,4.499271379228638,38.33247863247863,4.6460046035138935,11,0,1,0,0,1,139.2,18.935714285714283,169.7,19.366071428571427,48,2024,1281
Nairobi,2024-12-02,42.415,20.2,7.1000000000000005,42.025,41.39,37.225,31.945,43.62307692307692,42.167500000000004,0.6159883656912777,38.93364583333334,4.117651365205011,38.23180555555556,4.532647993445854,12,0,0,0,0,1,127.39999999999999,19.107142857142858,172.70000000000002,19.46607142857143,49,2024,1288
Nairobi,2025-01-20,42.22,21.642857142857142,8.5,42.415,42.025,42.84,31.48,41.942499999999995,42.0125,0.44449409444934274,40.27614583333333,2.9157260026479994,38.25493055555555,4.553958324524269,1,0,0,0,0,1,94.69999999999999,19.964285714285715,168.10000000000002,19.73035714285714,4,2025,1337
Nairobi,2025-05-19,53.887692307692305,19.314285714285713,10.3,42.22,42.415,41.39,39.29666666666667,31.945,45.136923076923075,5.836018415559185,42.10002403846154,5.570493324988522,40.08348824786325,5.973946755480764,5,0,0,0,0,1,69.8,19.982142857142858,167.1,19.65892857142857,21,2025,1456
Nairobi,2025-05-26,55.796875,18.8,16.5,53.887692307692305,42.22,42.025,34.7975,41.48,48.579891826923074,7.273506888059724,44.72494591346154,6.506786801021727,41.276561164529916,7.510281683042504,5,0,0,0,0,1,42.400000000000006,19.989285714285714,181.6,19.4625,22,2025,1463
Nairobi,2025-06-02,55.34875,18.814285714285713,18.8,55.796875,53.887692307692305,42.415,37.225,31.945,51.813329326923075,6.447293613496521,46.990414663461536,6.675382884943176,43.22687366452991,7.8956344625424935,6,0,0,0,0,1,54.1,19.642857142857142,181.5,19.375,23,2025,1470
Nairobi,2025-06-09,55.24888888888889,18.32857142857143,12.700000000000001,55.34875,55.796875,42.22,42.84,31.48,55.0705515491453,0.8237921107412107,48.541525774572655,7.006670758696618,45.207614405270654,7.658692517222205,6,0,0,0,0,1,58.300000000000004,18.814285714285713,153.0,19.389285714285712,24,2025,1477
Nairobi,2025-06-16,55.92777777777778,18.814285714285713,5.1,55.24888888888889,55.34875,53.887692307692305,41.39,39.29666666666667,55.58057291666667,0.332211762690413,50.35874799679487,6.7680770718803736,46.593540331196586,7.98944982350761,6,0,0,0,0,1,53.099999999999994,18.689285714285713,122.89999999999999,19.335714285714285,25,2025,1484
Nairobi,2025-06-23,56.7375,18.657142857142855,6.799999999999999,55.92777777777778,55.24888888888889,55.796875,42.025,34.7975,55.815729166666664,0.683518788585748,52.19781049679487,6.150818588604421,48.42187366452992,7.542510495003197,6,0,0,0,0,1,43.4,18.65357142857143,85.8,19.321428571428573,26,2025,1491
Nairobi,2025-06-30,54.25727272727273,18.228571428571428,3.5,56.7375,55.92777777777778,55.34875,42.415,37.225,55.54285984848485,1.0511073645156166,53.67809458770396,4.718293588540387,49.841229725135975,6.811028176822935,6,0,0,0,0,1,28.1,18.507142857142856,82.2,19.075,27,2025,1498
Nairobi,2025-07-07,47.22,18.057142857142857,6.199999999999999,54.25727272727273,56.7375,55.24888888888889,42.22,42.84,53.53563762626263,4.3352159888569,54.30309458770397,3.0030963743773835,50.20622972513598,6.512547893301787,7,0,0,0,0,1,21.599999999999998,18.439285714285713,79.89999999999999,18.626785714285713,28,2025,1505
Nairobi,2025-07-14,47.22,18.599999999999998,3.7,47.22,54.25727272727273,55.92777777777778,53.887692307692305,41.39,51.35869318181818,4.885041408050524,53.469633049242425,3.9201042193134614,50.69206305846931,5.9917013349497665,7,0,0,0,0,1,20.2,18.385714285714286,73.3,18.537499999999998,29,2025,1512
Nairobi,2025-07-21,53.71846153846154,18.02857142857143,0.6,47.22,47.22,56.7375,55.796875,42.025,50.60393356643357,3.913616583023037,53.20983136655012,3.8111941292722973,51.66651818667444,5.372926119124061,7,0,0,0,0,1,14.0,18.228571428571428,57.4,18.44107142857143,30,2025,1519
Nairobi,2025-07-28,54.21333333333333,18.285714285714285,2.7,53.71846153846154,47.22,54.25727272727273,55.34875,42.415,50.59294871794872,3.8999821051866763,53.067904283216784,3.7406512369973353,52.64971263111889,4.541198367502377,7,0,0,0,0,1,13.2,18.24285714285714,41.3,18.375,31,2025,1526
Nairobi,2025-08-04,44.971,17.5,20.9,54.21333333333333,53.71846153846154,47.22,55.24888888888889,42.22,50.030698717948724,4.640208520661624,51.78316817210567,4.559857326367622,52.878962631118874,4.00454700759766,8,1,0,1,0,1,27.9,18.103571428571428,49.5,18.271428571428572,32,2025,1533
Nairobi,2025-08-11,43.889117647058825,17.642857142857142,13.0,44.971,54.21333333333333,47.22,55.92777777777778,53.887692307692305,49.19797812971342,5.526900933935549,50.2783356557658,4.96513802927818,52.0457480760661,4.746952931155462,8,1,0,1,0,1,37.2,17.864285714285714,57.400000000000006,18.125,33,2025,1540
Nairobi,2025-08-18,43.944,16.771428571428572,21.9,43.889117647058825,44.971,53.71846153846154,56.7375,55.796875,46.754362745098035,4.99747913611242,48.6791481557658,4.636993614113712,51.05800849273276,5.11440921951655,8,1,0,1,0,1,58.5,17.55,72.5,17.889285714285712,34,2025,1547
Nairobi,2025-08-25,45.074,18.47142857142857,2.0,43.944,43.889117647058825,54.21333333333333,54.25727272727273,55.34875,44.469529411764704,0.6402906689274307,47.53123906485671,4.172221499447387,50.20177932606609,5.190282464201179,8,1,0,1,0,1,57.8,17.59642857142857,71.0,17.919642857142858,35,2025,1554
Nairobi,2025-09-01,42.59,19.157142857142855,0.0,45.074,43.944,44.971,47.22,55.24888888888889,43.87427941176471,1.0155104186188226,46.952489064856714,4.527556687721626,49.14687191865868,5.355042369336575,9,1,0,1,0,1,36.900000000000006,18.010714285714286,64.8,18.057142857142857,36,2025,1561
Nairobi,2025-09-08,42.59,19.771428571428572,2.2,42.59,45.074,43.889117647058825,47.22,55.92777777777778,43.5495,1.2001404084524518,46.373739064856714,4.7774996922224995,48.0353904371772,5.201647104826342,9,1,0,1,0,1,26.099999999999998,18.542857142857144,63.3,18.20357142857143,37,2025,1568
Nairobi,2025-09-15,42.886,19.74285714285714,8.7,42.59,42.59,43.944,53.71846153846154,56.7375,43.285000000000004,1.2008013990666453,45.019681372549016,3.841932565440998,46.88109877051053,4.596731038514969,9,1,0,1,0,1,12.899999999999999,19.285714285714285,71.39999999999999,18.417857142857144,38,2025,1575
Nairobi,2025-09-22,42.775,20.2,4.3999999999999995,42.886,42.59,45.074,54.21333333333333,54.25727272727273,42.71025,0.1460602044834378,43.58988970588236,1.0339967718553664,45.92424270990447,4.088726421727558,9,1,0,1,0,1,15.299999999999997,19.71785714285714,73.1,18.65714285714286,39,2025,1582
Nairobi,2025-09-29,41.29666666666667,20.142857142857142,3.6,42.775,42.886,42.59,44.971,47.22,42.386916666666664,0.7370166777853376,43.130598039215684,1.1431698319002095,45.43063159879336,4.271535504221014,9,1,0,1,0,1,18.9,19.964285714285715,55.8,18.9875,40,2025,1589
Nairobi,2025-10-06,40.556666666666665,19.342857142857145,15.1,41.29666666666667,42.775,42.59,43.889117647058825,47.22,41.87858333333333,1.1408391445353263,42.71404166666667,1.4045577786511914,44.87535382101559,4.447265402474003,10,0,1,0,0,1,31.799999999999997,19.857142857142858,57.9,19.200000000000003,41,2025,1596
Uasin-Gishu,2021-05-24,30.88153846153846,17.185714285714287,28.2,,,,,,30.88153846153846,,30.88153846153846,,30.88153846153846,,5,0,0,0,1,0,28.2,17.185714285714287,28.2,17.185714285714287,21,2021,0
Uasin-Gishu,2021-05-31,30.97,17.757142857142856,1.9,30.88153846153846,,,,,30.92576923076923,0.06255175372034759,30.92576923076923,0.06255175372034759,30.92576923076923,0.06255175372034759,5,0,0,0,1,0,30.099999999999998,17.47142857142857,30.099999999999998,17.47142857142857,22,2021,7
Uasin-Gishu,2021-06-07,29.86,17.485714285714288,2.0999999999999996,30.97,30.88153846153846,,,,30.570512820512818,0.6169098086686244,30.570512820512818,0.6169098086686244,30.570512820512818,0.6169098086686244,6,0,0,0,1,0,32.199999999999996,17.476190476190478,32.199999999999996,17.476190476190478,23,2021,14
Uasin-Gishu,2021-06-14,24.444,16.871428571428574,22.1,29.86,30.97,,,,29.038884615384614,3.1043933883553967,29.038884615384614,3.1043933883553967,29.038884615384614,3.1043933883553967,6,0,0,0,1,0,54.3,17.325000000000003,54.3,17.325000000000003,24,2021,21
Uasin-Gishu,2021-06-21,31.110000000000003,17.02857142857143,3.1,24.444,29.86,30.88153846153846,,,29.096000000000004,3.1513421479321067,29.45310769230769,2.8435624697774156,29.45310769230769,2.8435624697774156,6,0,0,0,1,0,29.200000000000003,17.28571428571429,57.4,17.26571428571429,25,2021,28
Uasin-Gishu,2021-06-28,31.11,16.4,9.0,31.110000000000003,24.444,30.97,,,29.131,3.1797427568908794,29.72925641025641,2.631772539975602,29.72925641025641,2.631772539975602,6,0,0,0,1,0,36.300000000000004,16.946428571428573,66.4,17.12142857142857,26,2021,35
Uasin-Gishu,2021-07-05,35.0,15.728571428571428,46.5,31.11,31.110000000000003,29.86,,,30.415999999999997,4.383343929011274,30.482219780219783,3.1209826082001033,30.482219780219783,3.1209826082001033,7,0,0,0,1,0,80.7,16.507142857142856,112.9,16.922448979591838,27,2021,42
Uasin-Gishu,2021-07-12,37.4,15.799999999999999,43.0,35.0,31.11,24.444,,,33.655,3.0977464927481217,31.34694230769231,3.78562916863913,31.34694230769231,3.78562916863913,7,0,0,0,1,0,101.6,16.239285714285714,155.9,16.78214285714286,28,2021,49
Uasin-Gishu,2021-07-19,30.0675,16.24285714285714,5.5,37.4,35.0,31.110000000000003,30.88153846153846,,33.394375,3.4112328996761994,31.2451875,3.8107827648988333,31.204782051282052,3.5667212567943456,7,0,0,0,1,0,104.0,16.042857142857144,133.2,16.664285714285715,29,2021,56
Uasin-Gishu,2021-07-26,34.82333333333333,16.228571428571428,18.1,30.0675,37.4,31.11,30.97,,34.32270833333334,3.070606419703149,31.726854166666666,4.009378900794845,31.56663717948718,3.5520968178762704,7,0,0,0,1,0,113.10000000000001,15.999999999999998,149.39999999999998,16.473214285714285,30,2021,63
Uasin-Gishu,2021-08-02,35.916666666666664,16.114285714285714,22.1,34.82333333333333,30.0675,35.0,29.86,,34.551875,3.17058254775516,32.4839375,4.174922019932807,31.962094405594407,3.6160618382011513,8,1,0,1,1,0,88.69999999999999,16.09642857142857,169.4,16.301785714285714,31,2021,70
Uasin-Gishu,2021-08-09,35.6,15.742857142857144,27.2,35.916666666666664,34.82333333333333,37.4,24.444,,34.101875,2.7285240867783425,33.8784375,2.712985324788877,32.265253205128204,3.604170894418868,8,1,0,1,1,0,72.9,16.082142857142856,174.5,16.160714285714285,32,2021,77
Uasin-Gishu,2021-08-16,33.3,16.014285714285712,15.3,35.6,35.916666666666664,30.0675,31.110000000000003,30.88153846153846,34.91,1.1674885993574438,34.1521875,2.495506157007565,32.466791666666666,3.5873407169968154,8,1,0,1,1,0,82.7,16.025,186.70000000000002,16.03392857142857,33,2021,84
Uasin-Gishu,2021-08-23,35.0,17.04285714285714,9.4,33.3,35.6,34.82333333333333,31.11,30.97,34.954166666666666,1.1664583147288101,34.638437499999995,2.176669330082042,32.802625,3.6229382657449443,8,1,0,1,1,0,74.0,16.228571428571428,187.10000000000002,16.114285714285714,34,2021,91
Uasin-Gishu,2021-08-30,34.875,16.371428571428574,69.3,35.0,33.3,35.916666666666664,35.0,29.86,34.69375,0.9815750523181151,34.622812499999995,2.1741503055426583,33.22054166666667,3.5409595851209015,8,1,0,1,1,0,121.2,16.292857142857144,209.9,16.194642857142856,35,2021,98
Uasin-Gishu,2021-09-06,33.375,16.32857142857143,24.0,34.875,35.0,35.6,37.4,24.444,34.1375,0.9256754290786685,34.1196875,1.8863303133574558,33.96479166666666,2.2212121919441645,9,1,0,1,1,0,118.0,16.439285714285713,190.9,16.260714285714286,36,2021,105
Uasin-Gishu,2021-09-13,34.07,16.45714285714286,42.099999999999994,33.375,34.875,33.3,30.0675,31.110000000000003,34.33,0.7584084211909221,34.62,0.9626925698928773,34.21145833333333,2.031629879007927,9,1,0,1,1,0,144.8,16.55,227.5,16.2875,37,2021,112
Uasin-Gishu,2021-09-20,32.333333333333336,16.585714285714285,34.4,34.07,33.375,35.0,34.82333333333333,31.11,33.663333333333334,1.07789146021294,34.30875,1.2478510893811847,34.31340277777778,1.8874301264186653,9,1,0,1,1,0,169.79999999999998,16.435714285714287,243.79999999999998,16.332142857142856,38,2021,119
Uasin-Gishu,2021-09-27,32.88875,16.985714285714288,34.4,32.333333333333336,34.07,34.875,35.916666666666664,35.0,33.16677083333333,0.7373592438654875,33.93026041666667,1.1454815247253332,34.13746527777778,1.9157976987532856,9,1,0,1,1,0,134.89999999999998,16.589285714285715,256.09999999999997,16.44107142857143,39,2021,126
Uasin-Gishu,2021-10-04,31.203333333333333,17.442857142857143,23.3,32.88875,32.333333333333336,33.375,35.6,37.4,32.62385416666667,1.192167405235729,33.38067708333333,1.2770871870814906,33.62107638888889,1.7872832783285457,10,0,1,0,1,0,134.2,16.867857142857144,252.2,16.65357142857143,40,2021,133
Uasin-Gishu,2021-10-11,37.333333333333336,17.599999999999998,48.3,31.203333333333333,32.88875,34.07,33.3,30.0675,33.439687500000005,2.6888231319797606,33.88484375,1.889828873602831,34.2265625,1.7027192686952513,10,0,1,0,1,0,140.39999999999998,17.15357142857143,285.2,16.851785714285715,41,2021,140
Uasin-Gishu,2021-10-18,30.813333333333333,18.242857142857144,5.3,37.333333333333336,31.203333333333333,32.333333333333336,35.0,34.82333333333333,33.0596875,2.9880554530706105,33.36151041666667,2.1044087312142796,33.89239583333333,1.9504258642474699,10,0,1,0,1,0,111.29999999999998,17.567857142857143,281.1,17.001785714285717,42,2021,147
Uasin-Gishu,2021-10-25,30.2225,18.771428571428572,2.9,30.813333333333333,37.333333333333336,32.88875,34.875,35.916666666666664,32.393125,3.318062546502101,32.779947916666664,2.2632709862974143,33.41788194444444,2.1000924962969942,10,0,1,0,1,0,79.8,18.014285714285712,214.7,17.301785714285714,43,2021,154
Uasin-Gishu,2021-11-01,29.63,18.400000000000002,4.4,30.2225,30.813333333333333,31.203333333333333,33.375,35.6,31.999791666666667,3.588362128632464,32.31182291666667,2.497762589448608,32.92038194444444,2.2387214053744464,11,0,1,0,1,0,60.9,18.25357142857143,195.1,17.560714285714287,44,2021,161
Uasin-Gishu,2021-11-08,20.0,19.17142857142857,1.6,29.63,30.2225,37.333333333333336,34.07,33.3,27.66645833333333,5.133752705407393,30.553072916666668,4.890455866097663,31.812048611111113,4.339898775826125,11,0,1,0,1,0,14.2,18.646428571428572,154.6,17.900000000000002,45,2021,168
Uasin-Gishu,2021-11-15,27.5,19.014285714285712,3.8,20.0,29.63,30.813333333333333,32.333333333333336,35.0,26.838124999999998,4.706257968120739,29.94890625,4.937432795089655,31.187048611111113,4.378928515632924,11,0,1,0,1,0,12.7,18.839285714285715,123.99999999999999,18.20357142857143,46,2021,175
Uasin-Gishu,2021-11-22,23.333333333333332,18.599999999999998,1.7999999999999998,27.5,20.0,30.2225,32.88875,34.875,25.11583333333333,4.297712893052658,28.754479166666666,5.269285306977545,30.225243055555556,4.747288063079969,11,0,1,0,1,0,11.6,18.79642857142857,91.39999999999999,18.40535714285714,47,2021,182
Uasin-Gishu,2021-11-29,28.333333333333332,18.37142857142857,4.0,23.333333333333332,27.5,29.63,31.203333333333333,33.375,24.791666666666664,3.8714888513239796,28.395729166666666,5.175608150706811,29.805104166666666,4.665583241811143,11,0,1,0,1,0,11.2,18.78928571428571,72.1,18.521428571428572,48,2021,189
Uasin-Gishu,2021-12-06,32.5,19.17142857142857,1.2999999999999998,28.333333333333332,23.333333333333332,20.0,37.333333333333336,34.07,27.916666666666664,3.757708127352407,27.791562499999998,4.167091655409491,29.674270833333335,4.555835973571389,12,0,0,0,1,0,10.899999999999999,18.789285714285715,25.099999999999998,18.71785714285714,49,2021,196
Uasin-Gishu,2021-12-13,26.25,19.185714285714287,0.9,32.5,28.333333333333332,27.5,30.813333333333333,32.333333333333336,27.604166666666664,3.8546358573271937,27.22114583333333,4.003478570218963,29.167326388888892,4.571484351370042,12,0,0,0,1,0,7.999999999999999,18.832142857142856,20.7,18.835714285714285,50,2021,203
Uasin-Gishu,2021-12-20,32.5,18.857142857142858,2.1,26.25,32.5,23.333333333333332,30.2225,32.88875,29.895833333333336,3.1249999999999947,27.50583333333333,4.31616038582796,29.134930555555556,4.544009910637457,12,0,0,0,1,0,8.299999999999999,18.896428571428572,19.9,18.84642857142857,51,2021,210
Uasin-Gishu,2022-01-03,24.0,19.5,0.1,32.5,26.25,28.333333333333332,29.63,31.203333333333333,28.8125,4.355910735234745,26.802083333333332,4.378867338326975,28.53465277777778,4.718373251845281,1,0,0,0,1,0,4.399999999999999,19.17857142857143,15.6,18.98392857142857,1,2022,224
Uasin-Gishu,2022-01-10,24.0,19.271428571428572,2.3,24.0,32.5,32.5,20.0,37.333333333333336,26.6875,4.017539669997044,27.302083333333332,3.6606925086460396,27.423541666666665,3.968340494263208,1,0,0,0,1,0,5.3999999999999995,19.20357142857143,16.3,18.99642857142857,2,2022,231
Uasin-Gishu,2022-01-17,24.0,16.45714285714286,15.1,24.0,24.0,26.25,27.5,30.813333333333333,26.125,4.249999999999995,26.864583333333332,3.8384896738418584,26.855763888888887,3.926442755139263,1,0,0,0,1,0,19.599999999999998,18.521428571428572,27.599999999999998,18.676785714285714,3,2022,238
Uasin-Gishu,2022-01-24,36.555,19.52857142857143,0.4,24.0,24.0,32.5,23.333333333333332,30.2225,27.138749999999998,6.277499999999999,28.517291666666665,4.821394445058538,27.383472222222224,4.757625800941535,1,0,0,0,1,0,17.900000000000002,18.689285714285713,26.199999999999996,18.792857142857144,4,2022,245
Uasin-Gishu,2022-01-31,24.0,18.557142857142857,3.2,36.555,24.0,24.0,28.333333333333332,29.63,27.13875,6.277499999999999,27.975625,5.081419541188416,26.914305555555558,4.793410484181947,1,0,0,0,1,0,21.0,18.45357142857143,25.4,18.81607142857143,5,2022,252
Uasin-Gishu,2022-02-07,34.5,19.24285714285714,0.5,24.0,36.555,24.0,32.5,20.0,29.76375,6.708073959789052,28.225625,5.3764469397947785,28.12263888888889,4.719003461094829,2,0,1,1,1,0,19.2,18.44642857142857,24.6,18.825,6,2022,259
Uasin-Gishu,2022-02-14,38.055,19.514285714285712,0.7999999999999999,34.5,24.0,24.0,26.25,27.5,33.2775,6.354343003017696,29.70125,6.297811836548585,29.002222222222226,5.509818065766342,2,0,1,1,1,0,4.9,19.210714285714285,24.499999999999996,18.866071428571427,7,2022,266
Uasin-Gishu,2022-02-21,24.0,18.67142857142857,7.6,38.055,34.5,36.555,32.5,23.333333333333332,30.13875,7.235468626840971,28.63875,6.472767541234368,29.057777777777776,5.450504023275658,2,0,1,1,1,0,12.1,18.99642857142857,30.0,18.84285714285714,8,2022,273
Uasin-Gishu,2022-02-28,27.805,20.67142857142857,0.1,24.0,38.055,24.0,24.0,28.333333333333332,31.09,6.356064033661081,29.114375000000003,6.217997172666273,29.01375,5.459015114718708,2,0,1,1,1,0,9.0,19.525,30.0,18.989285714285714,9,2022,280
Uasin-Gishu,2022-03-07,34.0,20.7,0.1,27.805,24.0,34.5,24.0,32.5,30.965,6.27099540211387,30.364375000000003,6.045741380450022,29.13875,5.562296421198061,3,1,1,1,1,0,8.6,19.889285714285712,27.799999999999997,19.16785714285714,10,2022,287
Uasin-Gishu,2022-03-14,45.0,20.37142857142857,3.6,34.0,27.805,38.055,24.0,26.25,32.70125,9.176619180468006,32.989375,7.3136679470212265,30.70125,7.098450895345853,3,1,1,1,1,0,11.4,20.103571428571428,16.3,19.657142857142855,11,2022,294
Uasin-Gishu,2022-03-21,31.78,20.642857142857142,1.7000000000000002,45.0,34.0,24.0,36.555,32.5,34.64625,7.3628769003698515,32.3925,7.174627914692559,30.64125,7.084894663039361,3,1,1,1,1,0,5.5,20.59642857142857,17.6,19.79642857142857,12,2022,301
Uasin-Gishu,2022-03-28,36.18666666666667,19.685714285714287,3.7,31.78,45.0,27.805,24.0,24.0,36.74166666666667,5.792033801313274,33.91583333333333,6.388877487912528,31.656805555555554,6.917844275740863,3,1,1,1,1,0,9.100000000000001,20.349999999999998,18.1,19.9375,13,2022,308
Uasin-Gishu,2022-04-04,38.055,20.885714285714283,0.0,36.18666666666667,31.78,34.0,34.5,24.0,37.75541666666667,5.499706620963214,34.36020833333333,6.556741195832494,32.82805555555556,6.689683820091538,4,1,0,0,1,0,9.000000000000002,20.396428571428572,17.6,20.142857142857142,14,2022,315
Uasin-Gishu,2022-04-11,39.72,19.642857142857142,20.0,38.055,36.18666666666667,45.0,38.055,24.0,36.43541666666667,3.4227824329532375,34.568333333333335,6.715284685901138,34.13805555555556,6.33347311780879,4,1,0,0,1,0,25.4,20.214285714285715,36.8,20.15892857142857,15,2022,322
Uasin-Gishu,2022-04-18,43.333333333333336,18.47142857142857,25.3,39.72,38.055,31.78,24.0,36.555,39.323750000000004,3.0378057306890707,36.985,5.782716517127586,34.70291666666667,6.84984668135577,4,1,0,0,1,0,49.0,19.67142857142857,54.5,20.13392857142857,16,2022,329
Uasin-Gishu,2022-04-25,47.0,17.37142857142857,72.8,43.333333333333336,39.72,36.18666666666667,27.805,24.0,42.02708333333334,3.9806309696663162,39.384375,5.39908053147175,36.61958333333333,6.8004471453179045,4,1,0,0,1,0,118.1,19.09285714285714,127.19999999999999,19.72142857142857,17,2022,336
Uasin-Gishu,2022-05-02,47.5,17.52857142857143,15.100000000000001,47.0,43.333333333333336,38.055,34.0,34.5,44.388333333333335,3.6244371210498816,41.071875,5.5823845275911115,37.70291666666667,7.437707339440797,5,0,0,0,1,0,133.2,18.253571428571426,142.20000000000002,19.325,18,2022,343
Uasin-Gishu,2022-05-09,44.333333333333336,18.75714285714286,0.6,47.5,47.0,39.72,45.0,38.055,45.541666666666664,2.0247313493490764,40.98854166666666,5.519996221351055,38.22611111111111,7.681548544866316,5,0,0,0,1,0,113.8,18.03214285714286,139.20000000000002,19.123214285714287,19,2022,350
Uasin-Gishu,2022-05-16,46.0,18.228571428571428,10.600000000000001,44.333333333333336,47.5,43.333333333333336,31.78,24.0,46.20833333333333,1.3969212178533112,42.766041666666666,4.2817541963563945,40.059444444444445,6.514221130421247,5,0,0,0,1,0,99.1,17.97142857142857,148.1,18.821428571428573,20,2022,357
Uasin-Gishu,2022-05-23,43.305,17.45714285714286,27.5,46.0,44.333333333333336,47.0,36.18666666666667,27.805,45.28458333333333,1.84783826402635,43.655833333333334,3.3594727477473088,41.35111111111111,5.284000165036661,5,0,0,0,1,0,53.800000000000004,17.992857142857144,171.9,18.54285714285714,21,2022,364
Uasin-Gishu,2022-05-30,46.42857142857143,17.52857142857143,0.6,43.305,46.0,47.5,38.055,34.0,45.01672619047619,1.4556976230412062,44.70252976190476,2.5789409567365102,42.386825396825394,4.917469368699469,5,0,0,0,1,0,39.300000000000004,17.992857142857144,172.5,18.123214285714287,22,2022,371
Uasin-Gishu,2022-06-06,42.6,16.32857142857143,17.8,46.42857142857143,43.305,44.333333333333336,39.72,45.0,44.58339285714286,1.9130773882771581,45.06252976190476,1.8941558157267269,42.1868253968254,4.84986707238489,6,0,0,0,1,0,56.5,17.385714285714286,170.3,17.708928571428572,23,2022,378
Uasin-Gishu,2022-06-13,46.5,17.242857142857144,5.2,42.6,46.42857142857143,46.0,43.333333333333336,31.78,44.70839285714286,2.0480643238164493,45.4583630952381,1.810189885634054,43.413492063492065,3.7047665096585307,6,0,0,0,1,0,51.1,17.139285714285716,150.20000000000002,17.555357142857144,24,2022,385
Uasin-Gishu,2022-06-20,28.0,15.457142857142857,40.8,46.5,42.6,43.305,47.0,36.18666666666667,40.88214285714286,8.779214591496068,43.0833630952381,6.327155867183147,42.73126984126984,5.483378604732076,6,0,0,0,1,0,64.4,16.639285714285716,118.20000000000002,17.31607142857143,25,2022,392
Uasin-Gishu,2022-06-27,77.16666666666667,16.04285714285714,8.2,28.0,46.5,46.42857142857143,47.5,38.055,48.56666666666666,20.662526467012693,46.79169642857143,13.692444848362662,45.9905753968254,11.148558947202119,6,0,0,0,1,0,72.0,16.267857142857142,111.30000000000003,17.130357142857143,26,2022,399
Uasin-Gishu,2022-07-04,84.52428571428571,16.685714285714287,4.2,77.16666666666667,28.0,42.6,44.333333333333336,39.72,59.047738095238095,26.44968697545914,51.81556547619048,19.004405447585587,49.724265873015874,15.507873111160414,7,0,0,0,1,0,58.4,16.357142857142858,114.90000000000002,16.87142857142857,27,2022,406
Uasin-Gishu,2022-07-11,84.35166666666667,16.642857142857142,28.4,84.52428571428571,77.16666666666667,46.5,46.0,43.333333333333336,68.51065476190476,27.22384815916293,56.609523809523814,21.938527010616028,53.142460317460326,18.2493826561273,7,0,0,0,1,0,81.6,16.207142857142856,132.70000000000002,16.673214285714288,28,2022,413
Uasin-Gishu,2022-07-18,80.83333333333333,15.757142857142856,53.8,84.35166666666667,84.52428571428571,28.0,43.305,47.0,81.7189880952381,3.47892253138842,61.30056547619048,22.68677522405981,55.96190476190477,19.764759885286384,7,0,0,0,1,0,94.6,16.282142857142855,159.0,16.460714285714285,29,2022,420
Uasin-Gishu,2022-07-25,78.888,15.957142857142857,46.3,80.83333333333333,84.35166666666667,77.16666666666667,46.42857142857143,47.5,82.14932142857143,2.7603636254090436,65.35799404761904,22.549210387657894,58.57757142857144,20.602304663416614,7,0,0,0,1,0,132.7,16.260714285714286,204.70000000000002,16.264285714285712,30,2022,427
Uasin-Gishu,2022-08-01,77.22285714285714,14.9,44.1,78.888,80.83333333333333,84.52428571428571,42.6,44.333333333333336,80.32396428571428,3.0638049457891254,69.68585119047619,20.81302520522546,61.31836507936509,20.722428548238526,8,1,0,1,1,0,172.6,15.814285714285715,231.0,16.085714285714285,31,2022,434
Uasin-Gishu,2022-08-08,67.5,16.385714285714286,40.9,77.22285714285714,78.888,84.35166666666667,46.5,46.0,76.11104761904761,5.927273358753312,72.31085119047619,18.686677367860053,63.11003174603175,20.200470207307124,8,1,0,1,1,0,185.1,15.75,266.7,15.978571428571428,32,2022,441
Uasin-Gishu,2022-08-15,68.556,15.442857142857141,45.5,67.5,77.22285714285714,80.83333333333333,28.0,43.305,73.04171428571428,5.845033279701264,77.38035119047619,6.429753489959742,65.21428174603174,19.242315664774846,8,1,0,1,1,0,176.8,15.671428571428573,271.4,15.976785714285713,33,2022,448
Uasin-Gishu,2022-08-22,59.815,15.657142857142857,66.6,68.556,67.5,78.888,77.16666666666667,46.42857142857143,68.27346428571428,7.125431542844797,75.21139285714285,8.946291881050934,66.32981746031747,18.424909339001243,8,1,0,1,1,0,197.1,15.596428571428572,329.8,15.928571428571429,34,2022,455
Uasin-Gishu,2022-08-29,59.629999999999995,15.557142857142855,33.3,59.815,68.556,77.22285714285714,84.52428571428571,42.6,63.875249999999994,4.815115462443826,72.09960714285714,9.553137975807022,67.74898412698413,17.034363756890798,8,1,0,1,1,0,186.3,15.760714285714284,358.90000000000003,15.7875,35,2022,462
Uasin-Gishu,2022-09-05,61.42857142857143,15.785714285714286,53.2,59.629999999999995,59.815,67.5,84.35166666666667,46.5,62.357392857142855,4.210616462977633,69.23422023809523,8.757948390073892,68.99303174603175,15.845049330456957,9,1,0,1,1,0,198.6,15.610714285714284,383.7,15.680357142857142,36,2022,469
Uasin-Gishu,2022-09-12,60.46333333333333,16.114285714285714,33.2,61.42857142857143,59.629999999999995,68.556,80.83333333333333,28.0,60.33422619047619,0.8123608637184889,66.68797023809523,7.814213606557741,71.69830952380953,9.845286090085414,9,1,0,1,1,0,186.3,15.778571428571428,363.09999999999997,15.725,37,2022,476
Uasin-Gishu,2022-09-19,61.98428571428571,16.82857142857143,2.6,60.46333333333333,61.42857142857143,59.815,78.888,77.16666666666667,60.876547619047614,1.0418638724886966,64.57500595238095,6.15282185376196,70.4331111111111,10.052032108439779,9,1,0,1,1,0,122.3,16.07142857142857,319.40000000000003,15.833928571428572,38,2022,483
Uasin-Gishu,2022-09-26,59.26,17.414285714285715,0.7000000000000001,61.98428571428571,60.46333333333333,59.629999999999995,77.22285714285714,84.52428571428571,60.78404761904762,1.1946493522489705,62.3296488095238,3.643950687577851,68.32775396825396,9.460750068363664,9,1,0,1,1,0,89.7,16.535714285714285,276.0,16.148214285714285,39,2022,490
Uasin-Gishu,2022-10-03,59.0,17.071428571428573,23.4,59.26,61.98428571428571,61.42857142857143,67.5,84.35166666666667,60.17690476190476,1.363144207895193,61.2671488095238,3.1229888627128255,66.21511507936508,8.318905136900536,10,0,1,0,1,0,59.900000000000006,16.857142857142858,258.5,16.23392857142857,40,2022,497
Uasin-Gishu,2022-10-10,61.0,17.614285714285714,1.7999999999999998,59.0,59.26,60.46333333333333,68.556,80.83333333333333,60.311071428571424,1.425707784601659,60.322648809523805,1.0742965050888147,64.5623373015873,7.0192659368990835,10,0,1,0,1,0,28.5,17.232142857142858,214.8,16.505357142857143,41,2022,504
Uasin-Gishu,2022-10-17,63.055,18.414285714285715,1.3,61.0,59.0,61.98428571428571,59.815,78.888,60.57875,1.8744615893634478,60.72764880952381,1.4129314299512195,63.24292063492063,5.3778008950157945,10,0,1,0,1,0,27.2,17.62857142857143,149.5,16.85,42,2022,511
Uasin-Gishu,2022-10-24,60.714285714285715,19.428571428571427,3.9,63.055,61.0,59.26,59.629999999999995,77.22285714285714,60.942321428571425,1.6624630705321832,60.86318452380952,1.3428654227167558,61.86720634920635,3.1096983100624485,10,0,1,0,1,0,30.4,18.132142857142856,120.10000000000002,17.333928571428572,43,2022,518
Uasin-Gishu,2022-10-31,59.0,18.714285714285715,9.299999999999999,60.714285714285715,63.055,59.0,61.42857142857143,67.5,60.942321428571425,1.6624630705321832,60.55961309523809,1.4656818074303295,61.15887301587301,2.643072144628678,10,0,1,0,1,0,16.299999999999997,18.542857142857144,76.20000000000002,17.7,44,2022,525
Uasin-Gishu,2022-11-07,59.35166666666667,19.042857142857144,0.7,59.0,60.714285714285715,61.0,60.46333333333333,68.556,60.53023809523809,1.838382934553597,60.42065476190476,1.5275073794046432,60.39184523809524,1.2909708047382618,11,0,1,0,1,0,15.199999999999998,18.900000000000002,43.70000000000001,18.06607142857143,45,2022,532
Uasin-Gishu,2022-11-14,59.305,17.785714285714285,9.6,59.35166666666667,59.0,63.055,61.98428571428571,59.815,59.59273809523809,0.7637879628228771,60.085744047619045,1.4260521859374862,60.34934523809523,1.3197613058431592,11,0,1,0,1,0,23.5,18.742857142857144,50.70000000000001,18.185714285714287,46,2022,539
Uasin-Gishu,2022-11-21,59.52428571428572,18.75714285714286,1.8,59.305,59.35166666666667,60.714285714285715,59.26,59.629999999999995,59.29523809523809,0.2182565944983237,60.11877976190476,1.4071260081489194,60.340535714285714,1.3253405497919373,11,0,1,0,1,0,21.4,18.575,51.80000000000001,18.353571428571428,47,2022,546
Uasin-Gishu,2022-11-28,55.14,19.057142857142857,1.6,59.52428571428572,59.305,59.0,59.0,61.42857142857143,58.33023809523809,2.1289156800559335,59.63627976190476,2.253066322705525,59.81648809523809,1.9514107348693595,11,0,1,0,1,0,13.7,18.66071428571429,30.00000000000001,18.601785714285715,48,2022,553
Uasin-Gishu,2022-12-05,60.778,18.414285714285715,1.9,55.14,59.52428571428572,59.35166666666667,61.0,60.46333333333333,58.68682142857143,2.4519693608602755,59.60852976190476,2.2351665548632353,59.84271031746032,1.9629728738803347,12,0,0,0,1,0,14.9,18.50357142857143,30.100000000000012,18.701785714285716,49,2022,560
Uasin-Gishu,2022-12-12,60.0,18.32857142857143,1.9,60.778,55.14,59.305,63.055,61.98428571428571,58.860571428571426,2.53364021413712,59.22665476190476,1.7760409589908672,59.67735317460318,1.846277990176436,12,0,0,0,1,0,7.2,18.639285714285712,30.70000000000001,18.69107142857143,50,2022,567
Uasin-Gishu,2022-12-19,64.666,18.242857142857144,1.3,60.0,60.778,59.52428571428572,60.714285714285715,59.26,60.146,3.911997614177733,59.720619047619046,2.604986302687051,60.12785317460318,2.331078117003525,12,0,0,0,1,0,6.7,18.510714285714286,28.100000000000012,18.54285714285714,51,2022,574
Uasin-Gishu,2022-12-26,61.666666666666664,17.84285714285714,7.5,64.666,60.0,55.14,59.0,59.0,61.77766666666666,2.0424023980485733,60.05395238095238,2.669419308047316,60.350075396825396,2.3408716063311514,12,0,0,0,1,0,12.6,18.207142857142856,26.30000000000001,18.433928571428574,52,2022,581
Uasin-Gishu,2023-01-02,61.39,17.857142857142858,1.4000000000000001,61.666666666666664,64.666,60.778,59.35166666666667,61.0,61.93066666666667,1.9639703550600174,60.308744047619044,2.690009659140425,60.382575396825395,2.3533891391136206,1,0,0,0,1,0,12.1,18.067857142857143,27.00000000000001,18.28571428571429,1,2023,588
Uasin-Gishu,2023-01-09,61.945,18.685714285714287,0.2,61.39,61.666666666666664,60.0,59.305,63.055,62.416916666666665,1.5164117826116617,60.63874404761905,2.7111330049170252,60.29007539682539,2.2587101552963973,1,0,0,0,1,0,10.4,18.15714285714286,17.600000000000016,18.398214285714285,2,2023,595
Uasin-Gishu,2023-01-16,64.444,19.614285714285717,0.0,61.945,61.39,64.666,59.52428571428572,60.714285714285715,62.36141666666667,1.4067556152758565,61.253708333333336,2.968024886717353,60.60088492063492,2.5590373139551184,1,0,0,0,1,0,9.1,18.5,15.800000000000013,18.505357142857143,3,2023,602
Uasin-Gishu,2023-01-23,62.857142857142854,19.714285714285715,0.0,64.444,61.945,61.666666666666664,55.14,59.0,62.659035714285714,1.334871103232051,62.21835119047619,1.6653394355675861,60.922313492063495,2.5818151321913088,1,0,0,0,1,0,1.6,18.96785714285714,14.200000000000014,18.5875,4,2023,609
Uasin-Gishu,2023-01-30,63.0,20.02857142857143,0.0,62.857142857142854,64.444,61.39,60.778,59.35166666666667,63.06153571428571,1.0333477289425097,62.49610119047619,1.5735624214374115,61.22634126984127,2.5948220861088056,1,0,0,0,1,0,0.2,19.510714285714286,12.300000000000013,18.789285714285715,5,2023,616
Uasin-Gishu,2023-02-06,64.815,20.357142857142858,0.0,63.0,62.857142857142854,61.945,60.0,59.305,63.77903571428571,0.9953529669974748,63.09797619047619,1.392912327762749,61.68550793650794,2.7089251326470363,2,0,1,1,1,0,0.0,19.92857142857143,10.400000000000015,19.042857142857144,6,2023,623
Uasin-Gishu,2023-02-13,64.666,21.114285714285717,0.0,64.815,63.0,64.444,64.666,59.52428571428572,63.83453571428571,1.049506190165827,63.09797619047619,1.392912327762749,62.11398412698412,2.7424338628671783,2,0,1,1,1,0,0.0,20.30357142857143,9.100000000000014,19.401785714285715,7,2023,630
Uasin-Gishu,2023-02-20,64.63,21.957142857142856,0.0,64.666,64.815,62.857142857142854,61.666666666666664,55.14,64.27775,0.8555896115150404,63.46839285714285,1.3513070505613924,62.90481746031745,1.7299304071844375,2,0,1,1,1,0,0.0,20.864285714285714,1.6000000000000143,19.916071428571428,8,2023,637
Uasin-Gishu,2023-02-27,65.0,20.900000000000002,1.2,64.63,64.666,63.0,61.39,60.778,64.77775,0.1684248101255005,63.919642857142854,1.1451329483456159,63.256650793650785,1.6868542099654686,2,0,1,1,1,0,1.2,21.08214285714286,1.4000000000000141,20.29642857142857,9,2023,644
Uasin-Gishu,2023-03-06,69.86,21.400000000000002,1.4000000000000001,65.0,64.63,64.815,61.945,60.0,66.039,2.5527744383968822,64.90901785714286,2.162572269052878,64.07831746031745,2.2602707279184195,3,1,1,1,1,0,2.6,21.342857142857145,2.6000000000000143,20.635714285714286,10,2023,651
Uasin-Gishu,2023-03-13,71.6675,18.314285714285713,36.699999999999996,69.86,65.0,64.666,64.444,64.666,67.789375,3.5161344630857383,65.81195535714285,3.19989959594143,64.66177579365079,3.153098025329067,3,1,1,1,1,0,39.3,20.642857142857146,39.30000000000001,20.47321428571429,11,2023,658
Uasin-Gishu,2023-03-20,69.888,16.928571428571427,48.4,71.6675,69.86,64.63,62.857142857142854,61.666666666666664,69.103875,2.8635956527588275,66.69081249999999,3.237715375488952,65.3468869047619,3.3312912141519613,3,1,1,1,1,0,87.69999999999999,19.385714285714286,87.70000000000002,20.125,12,2023,665
Uasin-Gishu,2023-03-27,64.81333333333333,17.8,7.9,69.888,71.6675,65.0,63.0,61.39,69.05720833333334,2.9528961407497576,66.91747916666667,2.9969368852125347,65.63216468253968,3.1001999524800223,3,1,1,1,1,0,94.39999999999999,18.610714285714288,95.60000000000001,19.84642857142857,13,2023,672
Uasin-Gishu,2023-04-03,64.16499999999999,18.485714285714288,6.7,64.81333333333333,69.888,69.86,64.815,61.945,67.63345833333332,3.7121313967778247,66.83622916666667,3.070000588047839,65.81716468253968,2.9212439132616748,4,1,0,0,1,0,99.7,17.882142857142856,102.30000000000001,19.6125,14,2023,679
Uasin-Gishu,2023-04-10,75.0,19.400000000000002,6.0,64.16499999999999,64.81333333333333,71.6675,64.666,64.444,68.46658333333333,5.051594250553134,68.12797916666666,4.045502623860445,66.69683134920635,3.896658800671313,4,1,0,0,1,0,69.0,18.15357142857143,108.30000000000001,19.39821428571429,15,2023,686
Uasin-Gishu,2023-04-17,72.36,19.0,32.7,75.0,64.16499999999999,69.888,64.63,62.857142857142854,69.08458333333333,5.421143342403719,69.09422916666666,4.01368498196155,67.48873611111111,4.009379475061164,4,1,0,0,1,0,53.300000000000004,18.67142857142857,141.0,19.028571428571432,16,2023,693
Uasin-Gishu,2023-04-24,77.22166666666666,17.085714285714285,68.3,72.36,75.0,64.81333333333333,65.0,63.0,72.18666666666667,5.705063540399826,70.6219375,4.525941982051907,68.673875,4.617682384231407,4,1,0,0,1,0,113.7,18.492857142857144,208.10000000000002,18.551785714285714,17,2023,700
Uasin-Gishu,2023-05-01,72.5,17.0,33.3,77.22166666666666,72.36,64.16499999999999,69.86,64.815,74.27041666666666,2.311293679353978,70.9519375,4.558577876210013,69.31429166666666,4.566474777059414,5,0,0,0,1,0,140.3,18.121428571428574,240.0,18.001785714285717,18,2023,707
Uasin-Gishu,2023-05-08,75.14,18.242857142857144,2.7,72.5,77.22166666666666,75.0,71.6675,64.666,74.30541666666667,2.327030923014582,71.386,4.795607835085737,70.187125,4.598120333532062,5,0,0,0,1,0,137.0,17.832142857142856,206.00000000000003,17.992857142857144,19,2023,714
Uasin-Gishu,2023-05-15,79.305,17.9,12.8,75.14,72.5,72.36,69.888,64.63,76.04166666666666,2.909647745002745,72.563125,5.482003706030834,71.41004166666667,4.925605830617254,5,0,0,0,1,0,117.1,17.557142857142857,170.40000000000003,18.114285714285714,20,2023,721
Uasin-Gishu,2023-05-22,85.37,18.37142857142857,3.9000000000000004,79.305,75.14,77.22166666666666,64.81333333333333,65.0,78.07875000000001,5.610250105833049,75.13270833333333,6.112063724002663,73.10754166666666,5.924458151554432,5,0,0,0,1,0,52.699999999999996,17.878571428571426,166.4,18.185714285714287,21,2023,728
Uasin-Gishu,2023-05-29,81.85333333333334,18.37142857142857,4.3,85.37,79.305,72.5,64.16499999999999,69.86,80.41708333333334,4.308075185689718,77.34375,4.586747883936201,74.10698611111111,6.324892546082193,5,0,0,0,1,0,23.7,18.22142857142857,164.00000000000003,18.17142857142857,22,2023,735
Uasin-Gishu,2023-06-05,86.38833333333334,18.02857142857143,1.5999999999999999,81.85333333333334,85.37,75.14,75.0,71.6675,83.22916666666667,3.258604137652528,78.76729166666667,5.442784865604521,75.33372222222222,7.17868525684436,6,0,0,0,1,0,22.6,18.16785714285714,159.60000000000002,18.0,23,2023,742
Uasin-Gishu,2023-06-12,90.0,17.12857142857143,23.5,86.38833333333334,81.85333333333334,79.305,72.36,69.888,85.90291666666667,3.3518575212250807,80.97229166666666,6.018916604610316,77.00972222222222,8.082556096133056,6,0,0,0,1,0,33.3,17.975,150.4,17.76607142857143,24,2023,749
Uasin-Gishu,2023-06-19,84.305,17.12857142857143,31.8,90.0,86.38833333333334,85.37,77.22166666666666,64.81333333333333,85.63666666666667,3.4491848204940316,81.85770833333333,5.908342228316216,78.63402777777777,7.332453372078357,6,0,0,0,1,0,61.2,17.664285714285715,113.9,17.771428571428572,25,2023,756
Uasin-Gishu,2023-06-26,82.444,16.414285714285715,12.799999999999999,84.305,90.0,81.85333333333334,72.5,64.16499999999999,85.78433333333334,3.23949148958778,83.10070833333334,4.547781183877312,80.15727777777778,5.78974982769891,6,0,0,0,1,0,69.7,17.175,93.40000000000002,17.698214285714286,26,2023,763
Uasin-Gishu,2023-07-03,81.11,16.585714285714285,12.700000000000001,82.444,84.305,86.38833333333334,75.14,75.0,84.46475000000001,3.915877541071356,83.84695833333335,3.3998135636909783,80.66644444444445,5.559041700958548,7,0,0,0,1,0,80.80000000000001,16.814285714285717,103.4,17.491071428571427,27,2023,770
Uasin-Gishu,2023-07-10,86.805,16.914285714285715,1.5999999999999999,81.11,82.444,90.0,79.305,72.36,83.666,2.4690120831350675,84.78445833333333,2.976107257931806,81.87019444444444,5.145422212669473,7,0,0,0,1,0,58.900000000000006,16.760714285714286,92.20000000000002,17.367857142857144,28,2023,777
Uasin-Gishu,2023-07-17,83.4725,17.414285714285715,4.2,86.805,81.11,84.305,85.37,77.22166666666666,83.457875,2.432003233790394,84.54727083333333,2.998304597572018,82.39109722222223,4.94452464264343,7,0,0,0,1,0,31.3,16.832142857142856,92.50000000000001,17.248214285714287,29,2023,784
Uasin-Gishu,2023-07-24,81.6675,16.857142857142858,28.099999999999998,83.4725,86.805,82.444,81.85333333333334,72.5,83.26375,2.5671437597714646,84.52404166666666,3.0227772769871613,83.15505555555556,3.8684947039397795,7,0,0,0,1,0,46.599999999999994,16.942857142857143,116.30000000000001,17.05892857142857,30,2023,791
Uasin-Gishu,2023-07-31,68.89,16.6,39.9,81.6675,83.4725,81.11,86.38833333333334,75.14,80.20875000000001,7.840166478887199,82.33675,6.171755874257223,82.63422222222222,5.227664610943511,7,0,0,0,1,0,73.8,16.946428571428573,154.60000000000002,16.880357142857143,31,2023,798
Uasin-Gishu,2023-08-14,55.56,17.414285714285715,1.2,68.89,81.6675,86.805,90.0,79.305,72.39750000000001,12.966527259319106,78.03175,10.533204192999786,80.65547222222223,9.41738054543521,8,1,0,1,1,0,73.4,17.071428571428573,132.3,16.916071428571428,33,2023,812
Uasin-Gishu,2023-08-21,61.11,18.485714285714288,0.0,55.56,68.89,83.4725,84.305,85.37,66.806875,11.315537506565834,75.13237500000001,11.688698377828759,78.63380555555555,10.813756804946724,8,1,0,1,1,0,69.2,17.339285714285715,100.5,17.085714285714285,34,2023,819
Uasin-Gishu,2023-08-28,75.0,17.571428571428573,6.3,61.11,55.56,81.6675,82.444,81.85333333333334,65.14,8.549842103805071,74.201875,11.313776111922744,78.06269444444445,10.809237915659905,8,1,0,1,1,0,47.400000000000006,17.517857142857142,94.0,17.230357142857144,35,2023,826
Uasin-Gishu,2023-09-04,60.0,16.957142857142856,28.099999999999998,75.0,61.11,68.89,81.11,86.38833333333334,62.917500000000004,8.404333703512592,71.563125,11.918040103587234,75.86366666666667,11.615631541421255,9,1,0,1,1,0,35.599999999999994,17.607142857142858,109.40000000000002,17.276785714285715,36,2023,833
Uasin-Gishu,2023-09-11,58.333333333333336,17.114285714285714,53.5,60.0,75.0,55.56,86.805,90.0,63.61083333333333,7.678051148855562,68.00416666666668,10.926121505401301,73.22477777777779,11.708830036338608,9,1,0,1,1,0,87.89999999999999,17.53214285714286,161.3,17.301785714285714,37,2023,840
Uasin-Gishu,2023-09-18,55.0,17.714285714285715,8.7,58.333333333333336,60.0,61.11,83.4725,84.305,62.08333333333333,8.858454843945408,64.44510416666667,9.74066971595773,70.78269444444446,12.232109969965936,9,1,0,1,1,0,96.6,17.339285714285715,165.8,17.339285714285715,38,2023,847
Uasin-Gishu,2023-09-25,52.5,17.771428571428572,8.299999999999999,55.0,58.333333333333336,75.0,81.6675,82.444,56.45833333333333,3.3592740617906394,60.799166666666665,7.596016238687987,68.28736111111111,12.682917161736947,9,1,0,1,1,0,98.6,17.389285714285716,146.0,17.45357142857143,39,2023,854
Uasin-Gishu,2023-10-02,46.67,19.17142857142857,2.2,52.5,55.0,60.0,68.89,81.11,53.12583333333333,4.922736648563275,58.02166666666667,8.24925932221058,65.4173611111111,13.39425826233571,10,0,1,0,1,0,72.7,17.942857142857143,108.30000000000003,17.775000000000002,40,2023,861
Uasin-Gishu,2023-10-09,45.555,19.957142857142856,4.1,46.67,52.5,58.333333333333336,55.56,86.805,49.931250000000006,4.5489199725498874,56.77104166666667,9.359467532401515,61.97986111111111,12.680525924877166,10,0,1,0,1,0,23.299999999999997,18.65357142857143,111.20000000000002,18.092857142857145,41,2023,868
Uasin-Gishu,2023-10-16,42.77666666666666,18.0,35.2,45.555,46.67,55.0,61.11,83.4725,46.875416666666666,4.091510944083118,54.479375,10.338551368293336,58.588541666666664,11.822819593781198,10,0,1,0,1,0,49.8,18.724999999999998,146.40000000000003,18.03214285714286,42,2023,875
Uasin-Gishu,2023-10-23,41.11,18.557142857142857,17.9,42.77666666666666,45.555,52.5,75.0,81.6675,44.02791666666667,2.5424694087521567,50.243125,7.194016717918932,55.20875,10.328050485488967,10,0,1,0,1,0,59.4,18.92142857142857,158.0,18.15535714285714,43,2023,882
Uasin-Gishu,2023-10-30,40.555,17.885714285714286,48.699999999999996,41.11,42.77666666666666,46.67,60.0,68.89,42.49916666666666,2.2453427107871127,47.8125,6.694099628872315,52.847500000000004,10.153390225969305,10,0,1,0,1,0,105.89999999999999,18.6,178.60000000000002,18.271428571428572,44,2023,889
Uasin-Gishu,2023-11-06,41.11,18.057142857142857,17.2,40.555,41.11,45.555,58.333333333333336,55.56,41.38791666666666,0.9620901003060552,45.65958333333333,5.488064448317592,51.64333333333334,10.647303139359524,11,0,1,0,1,0,119.0,18.125,142.3,18.389285714285712,45,2023,896
Uasin-Gishu,2023-11-13,41.665,18.04285714285714,6.6,41.11,40.555,42.77666666666666,55.0,61.11,41.11,0.45315560241023845,43.99270833333333,4.093854175943187,50.02291666666667,10.554861274681869,11,0,1,0,1,0,90.39999999999998,18.135714285714286,140.20000000000002,18.430357142857144,46,2023,903
Uasin-Gishu,2023-11-20,50.0,17.685714285714287,15.8,41.665,41.11,41.11,52.5,75.0,43.332499999999996,4.468039279146509,43.68020833333333,3.3858905932007852,47.93958333333333,7.0679723323889325,11,0,1,0,1,0,88.29999999999998,17.91785714285714,147.70000000000002,18.419642857142858,47,2023,910
Uasin-Gishu,2023-11-27,43.33,18.228571428571428,2.2,50.0,41.665,40.555,46.67,60.0,44.02625,4.092695474866916,43.26270833333333,3.1631613352681027,46.55041666666667,6.046454722363955,11,0,1,0,1,0,41.79999999999999,18.003571428571426,147.70000000000002,18.301785714285714,48,2023,917
Uasin-Gishu,2023-12-04,42.406666666666666,18.242857142857144,16.3,43.33,50.0,41.11,45.555,58.333333333333336,44.35041666666667,3.8274738731957645,42.869166666666665,3.0302836579465002,45.22319444444444,4.855653450721455,12,0,0,0,1,0,40.89999999999999,18.05,159.9,18.0875,49,2023,924
Uasin-Gishu,2023-12-11,41.945,18.75714285714286,5.3,42.406666666666666,43.33,41.665,42.77666666666666,55.0,44.42041666666667,3.7640242390583,42.765208333333334,3.0481236015092863,44.13527777777778,3.817530789655519,12,0,0,0,1,0,39.599999999999994,18.228571428571428,130.0,18.182142857142857,50,2023,931
Uasin-Gishu,2024-01-01,44.44,18.599999999999998,14.3,41.945,42.406666666666666,50.0,41.11,52.5,43.03041666666667,1.1020993225035005,43.18145833333333,3.017011350671048,43.463611111111106,2.7801177063716307,1,0,0,0,1,0,38.099999999999994,18.45714285714286,126.4,18.1875,1,2024,952
Uasin-Gishu,2024-01-15,43.89,17.357142857142858,58.300000000000004,44.44,41.945,43.33,40.555,46.67,43.17041666666667,1.1852710074523622,43.59833333333333,2.8266581030865066,43.231944444444444,2.598538811761441,1,0,0,0,1,0,94.2,18.239285714285714,136.00000000000003,18.12142857142857,3,2024,966
Uasin-Gishu,2024-01-22,43.055,18.085714285714285,5.9,43.89,44.44,42.406666666666666,41.11,45.555,43.332499999999996,1.086205167849387,43.841458333333335,2.660840426593115,43.02361111111111,2.4934520140017864,1,0,0,0,1,0,83.80000000000001,18.2,124.70000000000002,18.125,4,2024,973
Uasin-Gishu,2024-01-29,44.19,19.214285714285715,1.2999999999999998,43.055,43.89,41.945,41.665,42.77666666666666,43.89375,0.6026797795370142,44.15708333333333,2.511347382303324,43.14138888888889,2.514021671810245,1,0,0,0,1,0,79.80000000000001,18.314285714285713,119.40000000000002,18.271428571428572,5,2024,980
Uasin-Gishu,2024-02-05,42.775,19.414285714285715,1.1,44.19,43.055,44.44,50.0,41.11,43.4775,0.6707769127383092,43.25395833333333,0.8777781011393703,43.28013888888889,2.4364660675145373,2,0,1,1,1,0,66.6,18.517857142857146,104.70000000000003,18.4875,6,2024,987
Uasin-Gishu,2024-02-12,40.74,20.785714285714285,0.2,42.775,44.19,43.89,43.33,40.555,42.69,1.436773004570534,42.93020833333333,1.2460883040565396,43.29555555555555,2.4181718753754504,2,0,1,1,1,0,8.5,19.375,102.70000000000003,18.807142857142857,7,2024,994
Uasin-Gishu,2024-02-26,45.0,18.942857142857143,29.099999999999998,40.74,42.775,43.055,42.406666666666666,41.11,43.176249999999996,1.8663751632498846,43.254374999999996,1.416152830482741,43.61972222222223,2.3585545814770326,2,0,1,1,1,0,31.699999999999996,19.589285714285715,115.50000000000003,18.89464285714286,9,2024,1008
Uasin-Gishu,2024-03-04,36.39,20.014285714285712,2.4,45.0,40.74,44.19,41.945,41.665,41.22625,3.6635851634697683,42.56,2.817961522600284,43.180138888888884,3.12351374421035,3,1,1,1,1,0,32.8,19.789285714285715,112.60000000000001,19.051785714285714,10,2024,1015
Uasin-Gishu,2024-03-11,50.0,21.285714285714285,0.6000000000000001,36.39,45.0,42.775,44.44,50.0,43.0325,5.8251030033808,43.254999999999995,3.8459877052026563,43.180138888888884,3.12351374421035,3,1,1,1,1,0,32.3,20.257142857142856,98.90000000000002,19.387500000000003,11,2024,1022
Uasin-Gishu,2024-03-18,34.81666666666667,21.642857142857142,15.7,50.0,36.39,40.74,43.89,43.33,41.55166666666666,7.194172796244059,42.12083333333334,4.841087868034447,42.47069444444445,3.9451372995487985,3,1,1,1,1,0,47.8,20.47142857142857,56.30000000000001,19.923214285714288,12,2024,1029
Uasin-Gishu,2024-04-01,45.0,18.185714285714287,47.300000000000004,34.81666666666667,50.0,45.0,43.055,42.406666666666666,41.55166666666667,7.194172796244059,42.363958333333336,4.942483144425994,42.68680555555556,4.011778457629391,4,1,0,0,1,0,66.0,20.28214285714286,97.70000000000002,19.935714285714287,14,2024,1043
Uasin-Gishu,2024-04-15,35.368,18.9,25.0,45.0,34.81666666666667,36.39,44.19,41.945,41.296166666666664,7.452117737782569,41.261208333333336,5.436352792135011,42.13872222222222,4.537199031025604,4,1,0,0,1,0,88.60000000000001,20.003571428571426,121.40000000000002,19.896428571428572,16,2024,1057
Uasin-Gishu,2024-04-22,34.07,17.771428571428572,58.2,35.368,45.0,50.0,42.775,44.44,37.31366666666667,5.151754436866453,40.17308333333334,5.938101015863723,41.27455555555556,5.0208195281257035,4,1,0,0,1,0,146.2,19.125,178.5,19.691071428571426,17,2024,1064
Uasin-Gishu,2024-04-29,33.7925,17.614285714285714,30.7,34.07,35.368,34.81666666666667,40.74,43.89,37.057625,5.339260176200637,39.30464583333334,6.33791634707484,40.43309722222222,5.376200891198035,4,1,0,0,1,0,161.20000000000002,18.117857142857144,209.00000000000003,19.294642857142858,18,2024,1071
Uasin-Gishu,2024-05-13,32.775,18.32857142857143,5.7,33.7925,34.07,45.0,45.0,43.055,34.001375,1.0677074642249726,37.776520833333336,6.24159060379449,39.576430555555554,5.727957289417169,5,0,0,0,1,0,119.60000000000001,18.15357142857143,185.60000000000002,19.21785714285714,20,2024,1085
Uasin-Gishu,2024-05-20,34.44,17.45714285714286,49.9,32.775,33.7925,35.368,36.39,44.19,33.769375,0.7140097309059319,37.53277083333334,6.340761464047288,38.763930555555554,5.705503424817081,5,0,0,0,1,0,144.5,17.792857142857144,233.10000000000002,18.898214285714285,21,2024,1092
Uasin-Gishu,2024-05-27,43.333333333333336,17.9,3.3,34.44,32.775,34.07,50.0,42.775,36.085208333333334,4.8804377258427,36.6994375,4.691876844600625,38.81045833333334,5.743338024376528,5,0,0,0,1,0,89.6,17.825,235.80000000000004,18.474999999999998,22,2024,1099
Uasin-Gishu,2024-06-03,45.64833333333333,17.9,18.5,43.333333333333336,34.44,33.7925,34.81666666666667,40.74,39.049166666666665,6.390426940469407,38.05339583333333,5.554512239767312,39.21948611111112,6.0593354502186285,6,0,0,0,1,0,77.39999999999999,17.896428571428572,238.60000000000002,18.007142857142856,23,2024,1106
Uasin-Gishu,2024-06-10,31.47,17.114285714285717,3.6999999999999997,45.64833333333333,43.333333333333336,32.775,45.0,45.0,38.72291666666666,6.835337426307288,36.36214583333334,5.184749922362622,38.09198611111111,6.144148186006714,6,0,0,0,1,0,75.39999999999999,17.59285714285714,195.0,17.873214285714287,24,2024,1113
Uasin-Gishu,2024-06-17,32.22,17.02857142857143,9.200000000000001,31.47,45.64833333333333,34.44,35.368,36.39,38.16791666666666,7.368354931607443,35.96864583333333,5.386513986253623,37.744486111111115,6.363178989770133,6,0,0,0,1,0,34.7,17.485714285714288,179.2,17.639285714285716,25,2024,1120
Uasin-Gishu,2024-07-01,41.11,16.97142857142857,28.3,32.22,31.47,43.333333333333336,34.07,50.0,37.61208333333333,6.918971152241571,36.84864583333333,5.602744189048382,37.00365277777778,5.221751448914046,7,0,0,0,1,0,59.7,17.253571428571426,149.3,17.539285714285715,27,2024,1134
Uasin-Gishu,2024-07-08,40.0,16.257142857142856,29.0,41.11,32.22,45.64833333333333,33.7925,34.81666666666667,36.199999999999996,5.058372597321066,37.624583333333334,5.54861077636716,37.43559722222222,5.238752857533625,7,0,0,0,1,0,70.2,16.842857142857145,147.60000000000002,17.369642857142857,28,2024,1141
Uasin-Gishu,2024-07-15,50.0,16.314285714285713,27.099999999999998,40.0,41.11,31.47,32.775,45.0,40.832499999999996,7.279841458896104,39.77770833333333,6.6338361222167155,37.852263888888885,6.033622016138385,7,0,0,0,1,0,93.6,16.642857142857142,169.00000000000003,17.117857142857144,29,2024,1148
Uasin-Gishu,2024-07-22,32.22,16.242857142857144,29.7,50.0,40.0,32.22,34.44,35.368,40.832499999999996,7.279841458896104,39.50020833333333,6.928886190383303,37.589930555555554,6.217099185319026,7,0,0,0,1,0,114.1,16.446428571428573,148.8,16.96607142857143,30,2024,1155
Uasin-Gishu,2024-07-29,32.22,16.15714285714286,42.2,32.22,50.0,41.11,43.333333333333336,34.07,38.61,8.432642922990532,38.111041666666665,7.16077171383763,37.435763888888886,6.334154028348379,7,0,0,0,1,0,128.0,16.242857142857144,187.7,16.748214285714287,31,2024,1162
Uasin-Gishu,2024-08-05,42.5,16.057142857142857,27.6,32.22,32.22,40.0,45.64833333333333,33.7925,39.235,8.65959775817151,37.717499999999994,6.762815875907554,38.16138888888889,6.377455432585528,8,1,0,1,1,0,126.6,16.192857142857143,196.8,16.517857142857142,32,2024,1169
Uasin-Gishu,2024-08-12,42.5,15.671428571428573,56.2,42.5,32.22,50.0,31.47,32.775,37.36,5.935160767268971,39.09625,6.422985370637808,38.971805555555555,6.247329427760156,8,1,0,1,1,0,155.70000000000002,16.03214285714286,249.3,16.3375,33,2024,1176
Uasin-Gishu,2024-08-19,34.17,16.057142857142857,16.7,42.5,42.5,32.22,32.22,34.44,37.847500000000004,5.430907689634288,39.339999999999996,6.15621637046642,38.949305555555554,6.2655941804032835,8,1,0,1,1,0,142.70000000000002,15.985714285714286,256.8,16.21607142857143,34,2024,1183
Uasin-Gishu,2024-08-26,41.666666666666664,17.014285714285712,18.9,34.17,42.5,32.22,41.11,43.333333333333336,40.20916666666667,4.045230730954967,39.40958333333334,6.182171868197716,38.81041666666667,6.17743139573332,8,1,0,1,1,0,119.4,16.200000000000003,247.4,16.22142857142857,35,2024,1190
Uasin-Gishu,2024-09-02,29.61,16.942857142857143,10.100000000000001,41.666666666666664,34.17,42.5,40.0,45.64833333333333,36.986666666666665,6.181910887599208,38.11083333333333,7.068278960278531,37.47388888888889,6.29734525328405,9,1,0,1,1,0,101.9,16.42142857142857,228.50000000000003,16.307142857142857,36,2024,1197
Uasin-Gishu,2024-09-09,33.33,17.157142857142855,17.799999999999997,29.61,41.666666666666664,42.5,50.0,31.47,34.69416666666667,5.0530587546329695,36.02708333333333,5.298139067574925,37.62888888888889,6.157471167488572,9,1,0,1,1,0,63.5,16.79285714285714,219.20000000000002,16.4125,37,2024,1204
Uasin-Gishu,2024-09-16,29.585,18.142857142857142,1.3,33.33,29.61,34.17,32.22,32.22,33.547916666666666,5.691323379105296,35.69770833333333,5.639536380352206,37.409305555555555,6.4097115970015315,9,1,0,1,1,0,48.099999999999994,17.314285714285713,190.8,16.65,38,2024,1211
Uasin-Gishu,2024-09-23,33.33,17.442857142857143,20.1,29.585,33.33,41.666666666666664,32.22,41.11,31.463749999999997,2.154984048663644,35.83645833333333,5.5547684675576905,36.76097222222222,6.394813178273373,9,1,0,1,1,0,49.3,17.42142857142857,168.70000000000002,16.810714285714283,39,2024,1218
Uasin-Gishu,2024-09-30,30.81,17.757142857142856,25.3,33.33,29.585,29.61,42.5,40.0,31.763749999999998,1.87642112810392,34.37520833333333,5.067665740901475,35.99513888888889,6.5206995758703865,9,1,0,1,1,0,64.5,17.625,166.40000000000003,17.023214285714285,40,2024,1225
Uasin-Gishu,2024-10-21,32.5,18.485714285714288,5.0,30.81,33.33,33.33,42.5,50.0,31.55625,1.6812266107403344,33.12520833333333,3.8687912305158023,34.53680555555555,4.845558231506248,10,0,1,0,1,0,51.7,17.957142857142856,115.2,17.375,43,2024,1246
Uasin-Gishu,2024-10-28,34.76,19.17142857142857,3.5,32.5,30.81,29.585,34.17,32.22,32.849999999999994,1.649504976246385,33.19895833333333,3.8970732747955226,34.74847222222222,4.7903157494009045,10,0,1,0,1,0,53.900000000000006,18.214285714285715,102.00000000000001,17.764285714285716,44,2024,1253
Uasin-Gishu,2024-11-04,35.44,18.9,5.7,34.76,32.5,33.33,41.666666666666664,32.22,33.3775,2.1234621886583374,32.420624999999994,2.229158133049637,35.01680555555556,4.725553169390448,11,0,1,0,1,0,39.5,18.57857142857143,88.80000000000001,18.0,45,2024,1260
Uasin-Gishu,2024-11-11,42.23,18.7,4.8,35.44,34.76,30.81,29.61,42.5,36.2325,4.191176246989467,33.998125,3.839646502981188,34.994305555555556,4.687170888558928,11,0,1,0,1,0,19.0,18.814285714285717,83.50000000000001,18.219642857142855,46,2024,1267
Uasin-Gishu,2024-11-18,40.275,18.400000000000002,10.4,42.23,35.44,32.5,33.33,42.5,38.176249999999996,3.651276888523017,34.86625,4.409791661745319,34.80888888888889,4.398377934100316,11,0,1,0,1,0,24.4,18.79285714285714,76.10000000000002,18.375,47,2024,1274
Uasin-Gishu,2024-11-25,37.38,16.9,51.4,40.275,42.23,34.76,29.585,34.17,38.83125,3.0134486749673393,35.840625,3.908889536775484,35.076388888888886,4.453260004008497,11,0,1,0,1,0,72.3,18.225,126.20000000000002,18.21964285714286,48,2024,1281
Uasin-Gishu,2024-12-09,39.985,19.400000000000002,2.6,37.38,40.275,35.44,33.33,41.666666666666664,39.9675,1.9923959613145596,36.6725,4.005218025098013,34.936249999999994,4.248783850061987,12,0,0,0,1,0,69.19999999999999,18.35,108.70000000000002,18.464285714285715,50,2024,1295
Uasin-Gishu,2024-12-30,37.264,19.657142857142855,0.1,39.985,37.38,42.23,30.81,29.61,38.726,1.6262064239600866,37.47925,3.2308026755854415,35.574083333333334,3.939788998926552,12,0,0,0,1,0,64.5,18.589285714285715,83.50000000000001,18.701785714285712,1,2024,1316
Uasin-Gishu,2025-01-06,36.88666666666666,19.62857142857143,2.4,37.264,39.985,40.275,32.5,33.33,37.87891666666667,1.4197637616464531,38.02758333333333,2.569587804323025,35.87047222222222,3.889077004721719,1,0,0,0,1,0,56.5,18.896428571428572,80.90000000000002,18.84464285714286,2,2025,1323
Uasin-Gishu,2025-01-13,36.76375,19.385714285714283,0.2,36.88666666666666,37.264,37.38,34.76,29.585,37.72485416666667,1.5217232835610055,38.278052083333336,2.2877864374990944,36.46870138888889,3.3489532413053213,1,0,0,0,1,0,5.3,19.517857142857142,77.60000000000002,18.87142857142857,3,2025,1330
Uasin-Gishu,2025-01-20,37.619473684210526,18.7,8.4,36.76375,36.88666666666666,39.985,35.44,33.33,37.1334725877193,0.3876606874017368,38.55048629385965,2.015057254514171,36.826157529239765,3.2095014863075715,1,0,0,0,1,0,11.1,19.34285714285714,80.30000000000001,18.84642857142857,4,2025,1337
Uasin-Gishu,2025-01-27,37.7175,18.32857142857143,11.0,37.619473684210526,36.76375,37.264,42.23,30.81,37.246847587719294,0.49107958489739917,37.98642379385964,1.3644937938206019,37.40178252923977,2.5925436437593636,1,0,0,0,1,0,22.0,19.010714285714286,86.50000000000001,18.8,5,2025,1344
Uasin-Gishu,2025-02-03,38.16235294117647,20.328571428571426,0.0,37.7175,37.619473684210526,36.88666666666666,40.275,32.5,37.56576915634675,0.584537813058142,37.72234291150671,1.0189885396659577,37.873645274337804,2.0848642854846475,2,0,1,1,1,0,19.6,19.185714285714283,76.10000000000001,19.041071428571428,6,2025,1351
Uasin-Gishu,2025-02-10,38.59777777777778,21.414285714285715,0.0,38.16235294117647,37.7175,36.76375,37.38,34.76,38.0242761007912,0.4494240610048527,37.87456513372893,1.0509980429716679,38.19346008915262,1.8442897814264696,2,0,1,1,1,0,19.4,19.692857142857143,24.700000000000017,19.60535714285714,7,2025,1358
Uasin-Gishu,2025-02-17,40.612,21.642857142857142,0.0,38.59777777777778,38.16235294117647,37.619473684210526,39.985,35.44,38.77240767973856,1.277966158162305,37.95294013372893,1.2376620472035094,38.62446008915262,1.743927480102421,2,0,1,1,1,0,11.0,20.428571428571427,22.100000000000016,19.885714285714283,8,2025,1365
Uasin-Gishu,2025-02-24,43.86166666666667,22.099999999999998,0.0,40.612,38.59777777777778,37.7175,37.264,42.23,40.308449346405226,2.5980520472421715,38.777648467062264,2.3820732702609067,38.76043231137484,2.081534987775535,2,0,1,1,1,0,0.0,21.37142857142857,22.000000000000014,20.191071428571426,9,2025,1372
Uasin-Gishu,2025-03-03,43.44285714285714,22.099999999999998,8.899999999999999,43.86166666666667,40.612,38.16235294117647,36.88666666666666,40.275,41.6285753968254,2.4831079059966523,39.59717227658607,2.739533773642974,39.02442040661294,2.4579292356962905,3,1,1,1,1,0,8.899999999999999,21.814285714285713,28.500000000000014,20.5,10,2025,1379
Uasin-Gishu,2025-03-10,45.406666666666666,19.24285714285714,23.0,43.44285714285714,43.86166666666667,38.59777777777778,36.76375,37.38,43.33079761904762,1.9996226376317017,40.67753685991941,3.1377826403385414,39.69330929550183,3.0017506726262333,3,1,1,1,1,0,31.9,21.27142857142857,51.30000000000001,20.482142857142858,11,2025,1386
Uasin-Gishu,2025-03-17,47.33555555555555,19.771428571428572,6.1,45.406666666666666,43.44285714285714,40.612,37.619473684210526,39.985,45.01168650793651,1.764478004804074,41.89204709383753,3.6272173707865183,40.30585559179813,3.728658873663815,3,1,1,1,1,0,38.0,20.803571428571427,49.000000000000014,20.616071428571427,12,2025,1393
Uasin-Gishu,2025-03-24,48.719,19.157142857142855,38.6,47.33555555555555,45.406666666666666,43.86166666666667,37.7175,37.264,46.22601984126984,2.2995183411355713,43.267234593837536,3.8941028353798015,41.26043892513146,4.301429236747863,3,1,1,1,1,0,76.6,20.067857142857143,76.60000000000002,20.719642857142855,13,2025,1400
Uasin-Gishu,2025-03-31,45.115,19.75714285714286,10.5,48.719,47.33555555555555,43.44285714285714,38.16235294117647,36.88666666666666,46.64405555555555,1.698303943335117,44.136315476190475,3.3265225496982245,41.946133369575904,4.195353090823593,3,1,1,1,1,0,78.19999999999999,19.482142857142858,87.10000000000002,20.648214285714285,14,2025,1407
Uasin-Gishu,2025-04-07,43.492,18.428571428571427,33.1,45.115,48.719,45.406666666666666,38.59777777777778,36.76375,46.165388888888884,2.319521840358082,44.74809325396826,2.5129900266021674,42.5068208695759,3.8773353514241817,4,1,0,0,1,0,88.30000000000001,19.27857142857143,120.20000000000002,20.275,15,2025,1414
Uasin-Gishu,2025-04-14,44.88,17.414285714285715,85.0,43.492,45.115,47.33555555555555,40.612,37.619473684210526,45.551500000000004,2.2298012616965366,45.28159325396825,1.883726781096481,43.111864729225026,3.6020688942862793,4,1,0,0,1,0,167.20000000000002,18.689285714285713,205.20000000000002,19.746428571428574,16,2025,1421
Uasin-Gishu,2025-04-21,45.8325,18.599999999999998,2.9,44.88,43.492,48.719,43.86166666666667,37.7175,44.829875,0.9796215574547167,45.527947420634916,1.798442573322259,43.78811472922502,3.24091485688995,4,1,0,0,1,0,131.50000000000003,18.55,208.10000000000002,19.30892857142857,17,2025,1428
Uasin-Gishu,2025-04-28,45.876666666666665,18.557142857142857,19.4,45.8325,44.88,45.115,43.44285714285714,38.16235294117647,45.020291666666665,1.1177980866402943,45.83217361111111,1.5889954091933234,44.43097420634921,2.7517342303171963,4,1,0,0,1,0,140.4,18.25,218.60000000000002,18.866071428571427,18,2025,1435
Uasin-Gishu,2025-05-05,48.37444444444444,16.857142857142858,64.2,45.876666666666665,45.8325,43.492,45.406666666666666,38.59777777777778,46.24090277777778,1.4948263207354817,46.20314583333333,1.8069495441617753,45.24569642857143,2.2734028033513676,5,0,0,0,1,0,171.5,17.857142857142854,259.8,18.567857142857143,19,2025,1442
Uasin-Gishu,2025-05-12,50.3,17.914285714285715,12.100000000000001,48.37444444444444,45.876666666666665,44.88,47.33555555555555,40.612,47.59590277777778,2.1589836402329317,46.57370138888889,2.3070958092666762,46.05302976190476,2.1972164215787906,5,0,0,0,1,0,98.60000000000002,17.982142857142858,265.8,18.335714285714285,20,2025,1449
Uasin-Gishu,2025-05-19,50.925,17.242857142857144,37.4,50.3,48.37444444444444,45.8325,48.719,43.86166666666667,48.869027777777774,2.271089384136634,46.849451388888895,2.698730560948271,46.64164087301587,2.484164855824387,5,0,0,0,1,0,133.10000000000002,17.642857142857146,264.6,18.09642857142857,21,2025,1456
Uasin-Gishu,2025-05-26,52.22,17.714285714285715,2.8000000000000003,50.925,50.3,45.876666666666665,45.115,43.44285714285714,50.454861111111114,1.6009227904124077,47.73757638888889,3.173694762599535,47.37306944444444,2.7360862140207245,5,0,0,0,1,0,116.50000000000001,17.432142857142857,256.90000000000003,17.84107142857143,22,2025,1463
Uasin-Gishu,2025-06-02,46.925,17.085714285714285,12.7,52.22,50.925,48.37444444444444,43.492,45.406666666666666,50.092499999999994,2.2579802922075265,48.16670138888889,2.7168401948889844,47.49959722222223,2.671223085134271,6,0,0,0,1,0,65.00000000000001,17.489285714285714,236.5,17.673214285714284,23,2025,1470
Uasin-Gishu,2025-06-09,49.925,17.514285714285712,3.4,46.925,52.22,50.3,44.88,47.33555555555555,49.99875,2.2542751052162133,48.79732638888889,2.413540652623445,47.71538425925926,2.7598857172964655,6,0,0,0,1,0,56.30000000000001,17.389285714285716,154.9,17.685714285714287,24,2025,1477
Uasin-Gishu,2025-08-04,44.33809523809524,15.685714285714287,32.9,49.925,46.925,50.925,45.8325,48.719,48.35202380952381,3.4440051023658445,48.610525793650794,2.7148175580366374,47.350308862433856,2.901193123384574,8,1,0,1,1,0,51.80000000000001,17.0,184.90000000000003,17.321428571428573,32,2025,1533
Uasin-Gishu,2025-08-11,41.271,15.385714285714286,32.3,44.33809523809524,49.925,52.22,45.876666666666665,45.115,45.614773809523804,3.687502387177389,48.03481746031746,3.6904272513565113,47.02997552910053,3.348217519435078,8,1,0,1,1,0,81.30000000000001,16.417857142857144,197.8,16.925,33,2025,1540
Uasin-Gishu,2025-08-18,40.58375,15.6,31.5,41.271,44.33809523809524,46.925,48.37444444444444,43.492,44.02946130952381,4.255767325151313,47.060980654761906,4.5221829100225595,46.78762136243387,3.7129734758286372,8,1,0,1,1,0,100.10000000000001,16.04642857142857,165.10000000000002,16.767857142857142,34,2025,1547
Uasin-Gishu,2025-08-25,39.271428571428565,16.071428571428573,19.0,40.58375,41.271,49.925,50.3,44.88,41.36606845238095,2.1479850726856573,45.68240922619047,5.044560999909408,46.32024041005291,4.284015615238082,8,1,0,1,1,0,115.7,15.685714285714287,172.0,16.5375,35,2025,1554
Uasin-Gishu,2025-09-01,39.25,15.828571428571427,38.8,39.271428571428565,40.58375,44.33809523809524,50.925,45.8325,40.09404464285714,1.0023545296978373,44.22303422619048,4.999801382900791,45.771698743386246,4.748399930839428,9,1,0,1,1,0,121.60000000000001,15.721428571428572,173.40000000000003,16.360714285714288,36,2025,1561
Uasin-Gishu,2025-09-08,39.25,16.157142857142855,20.599999999999998,39.25,39.271428571428565,41.271,52.22,45.876666666666665,39.58879464285714,0.6633804856052555,42.601784226190475,4.048599271116185,45.21947652116402,5.106880070303825,9,1,0,1,1,0,109.9,15.914285714285713,191.20000000000002,16.166071428571428,37,2025,1568
Uasin-Gishu,2025-09-15,39.556,17.3,4.6,39.25,39.25,40.58375,46.925,48.37444444444444,39.33185714285714,0.14976961898561542,41.68065922619047,3.7518934116594065,44.484606150793645,5.244245285427373,9,1,0,1,1,0,83.00000000000001,16.33928571428571,183.1,16.192857142857143,38,2025,1575
Uasin-Gishu,2025-09-22,38.57285714285714,16.82857142857143,18.6,39.556,39.25,39.271428571428565,49.925,50.3,39.15721428571428,0.4154201463033941,40.261641369047624,1.8561601982327192,43.50734424603175,5.153927676993408,9,1,0,1,1,0,82.60000000000001,16.52857142857143,198.3,16.107142857142858,39,2025,1582
Uasin-Gishu,2025-09-29,38.335,17.014285714285716,23.1,38.57285714285714,39.556,39.25,44.33809523809524,50.925,38.928464285714284,0.5703339918332051,39.51125446428571,0.9788580470754444,42.45817757936508,4.774127195607328,9,1,0,1,1,0,66.9,16.825,188.5,16.273214285714285,40,2025,1589
Uasin-Gishu,2025-10-06,38.335,17.6,5.2,38.335,38.57285714285714,39.25,41.271,52.22,38.69971428571428,0.5817648378220054,39.14425446428571,0.7479973021872874,41.301094246031745,3.7701761421818385,10,0,1,0,1,0,51.50000000000002,17.185714285714287,161.4,16.549999999999997,41,2025,1596
